,Date,Time,Open,High,Low,Last,ATR,FractalSell,FractalWk,OpenTrade,StopLoss,TakeProfit,Close Trade,OpenTradeNew,StoplossNew,TakeProfitNew,CloseTradeNew
0, '2007/12/3', '00:00:00.0',2.05389,2.06793,2.01811,2.0304,0.04982,0.0,,2.05389,,6.16167,0.0,2.05389,0.0,6.16167,0.0
1, '2007/12/10', '00:00:00.0',2.03025,2.05785,2.01483,2.01776,0.04642,0.0,0.0,2.05389,0.0,6.16167,0.0,2.05389,0.0,6.16167,0.0
2, '2007/12/17', '00:00:00.0',2.01475,2.02285,1.98105,1.98357,0.04488,0.0,0.0,2.05389,0.0,6.16167,0.0,2.05389,0.0,6.16167,0.0
3, '2007/12/24', '00:00:00.0',1.98365,2.00234,1.97565,1.99696,0.04033,0.0,0.0,2.05389,0.0,6.16167,0.0,2.05389,0.0,6.16167,0.0
4, '2007/12/31', '00:00:00.0',1.99488,2.01028,1.96738,1.97374,0.04085,0.0,0.0,2.05389,0.0,6.16167,0.0,2.05389,0.0,6.16167,0.0
5, '2008/1/7', '00:00:00.0',1.97172,1.98289,1.94825,1.95645,0.03981,0.0,0.0,2.05389,0.0,6.16167,0.0,2.05389,0.0,6.16167,0.0
6, '2008/1/14', '00:00:00.0',1.95795,1.97915,1.95135,1.95515,0.0381,0.0,0.0,2.05389,0.0,6.16167,0.0,2.05389,0.0,6.16167,0.0
7, '2008/1/21', '00:00:00.0',1.95765,1.98485,1.93385,1.98305,0.03971,0.0,0.0,2.05389,0.0,6.16167,0.0,2.05389,0.0,6.16167,0.0
8, '2008/1/28', '00:00:00.0',1.98405,1.99565,1.96455,1.96495,0.03875,0.0,0.0,2.05389,0.0,6.16167,0.0,2.05389,0.0,6.16167,0.0
9, '2008/2/4', '00:00:00.0',1.96555,1.97865,1.93868,1.94602,0.03887,0.0,0.0,2.05389,0.0,6.16167,0.0,2.05389,0.0,6.16167,0.0
10, '2008/2/11', '00:00:00.0',1.94592,1.97379,1.94025,1.96137,0.03839,0.0,0.0,2.05389,0.0,6.16167,0.0,2.05389,0.0,6.16167,0.0
11, '2008/2/18', '00:00:00.0',1.95722,1.97087,1.93629,1.96685,0.03807,1.93559,1.93559,2.05389,0.0,6.16167,0.0,2.05389,0.0,6.16167,0.0
12, '2008/2/25', '00:00:00.0',1.9694,1.99713,1.96164,1.98914,0.03787,0.0,1.93559,2.05389,1.93559,6.16167,0.0,2.05389,1.93559,6.16167,0.0
13, '2008/3/3', '00:00:00.0',1.9888,2.02166,1.97207,2.01355,0.03871,0.0,1.93559,2.05389,1.93559,6.16167,0.0,2.05389,1.93559,6.16167,0.0
14, '2008/3/10', '00:00:00.0',2.01673,2.03975,1.99957,2.02181,0.03881,0.0,1.93559,2.05389,1.93559,6.16167,0.0,2.05389,1.93559,6.16167,0.0
15, '2008/3/17', '00:00:00.0',2.01774,2.02729,1.97354,1.98185,0.03974,0.0,1.93559,2.05389,1.93559,6.16167,0.0,2.05389,1.93559,6.16167,0.0
16, '2008/3/24', '00:00:00.0',1.98164,2.01926,1.97588,1.99453,0.03996,0.0,1.93559,2.05389,1.93559,6.16167,0.0,2.05389,1.93559,6.16167,0.0
17, '2008/3/31', '00:00:00.0',1.99581,2.00485,1.97294,1.99345,0.03951,0.0,1.93559,2.05389,1.93559,6.16167,0.0,2.05389,1.93559,6.16167,0.0
18, '2008/4/7', '00:00:00.0',1.99531,1.99531,1.96508,1.96933,0.03902,0.0,1.93559,2.05389,1.93559,6.16167,0.0,2.05389,1.93559,6.16167,0.0
19, '2008/4/14', '00:00:00.0',1.96534,1.99985,1.96007,1.99778,0.03906,0.0,1.93559,2.05389,1.93559,6.16167,0.0,2.05389,1.93559,6.16167,0.0
20, '2008/4/21', '00:00:00.0',1.99644,2.00263,1.96762,1.98559,0.03887,0.0,1.93559,2.05389,1.93559,6.16167,0.0,2.05389,1.93559,6.16167,0.0
21, '2008/4/28', '00:00:00.0',1.9848,1.99652,1.96244,1.97157,0.03865,0.0,1.93559,2.05389,1.93559,6.16167,0.0,2.05389,1.93559,6.16167,0.0
22, '2008/5/5', '00:00:00.0',1.97285,1.97846,1.94605,1.95386,0.03838,0.0,1.93559,2.05389,1.93559,6.16167,0.0,2.05389,1.93559,6.16167,0.0
23, '2008/5/12', '00:00:00.0',1.95076,1.96336,1.93655,1.95724,0.0379,1.93601,1.93601,2.05389,1.93559,6.16167,0.0,2.05389,1.93559,6.16167,0.0
24, '2008/5/19', '00:00:00.0',1.95685,1.98519,1.94537,1.9797,0.03797,0.0,1.93601,2.05389,1.93601,6.16167,0.0,2.05389,1.93601,6.16167,0.0
25, '2008/5/26', '00:00:00.0',1.98003,1.98467,1.96741,1.9822,0.03718,0.0,1.93601,2.05389,1.93601,6.16167,0.0,2.05389,1.93601,6.16167,0.0
26, '2008/6/2', '00:00:00.0',1.98204,1.98204,1.9462,1.97075,0.03713,0.0,1.93601,2.05389,1.93601,6.16167,0.0,2.05389,1.93601,6.16167,0.0
27, '2008/6/9', '00:00:00.0',1.96909,1.98012,1.94097,1.94757,0.0372,1.94019,1.94019,2.05389,1.93601,6.16167,0.0,2.05389,1.93601,6.16167,0.0
28, '2008/6/16', '00:00:00.0',1.94963,1.97912,1.946,1.97606,0.03706,0.0,1.94019,2.05389,1.94019,6.16167,0.0,2.05389,1.94019,6.16167,0.0
29, '2008/6/23', '00:00:00.0',1.97461,1.99528,1.95847,1.99495,0.03706,0.0,1.94019,2.05389,1.94019,6.16167,0.0,2.05389,1.94019,6.16167,0.0
30, '2008/6/30', '00:00:00.0',1.9947,2.00069,1.97948,1.9823,0.0361,0.0,1.94019,2.05389,1.94019,6.16167,0.0,2.05389,1.94019,6.16167,0.0
31, '2008/7/7', '00:00:00.0',1.98255,1.99604,1.96492,1.98864,0.0357,0.0,1.94019,2.05389,1.94019,6.16167,0.0,2.05389,1.94019,6.16167,0.0
32, '2008/7/14', '00:00:00.0',1.98966,2.01583,1.98124,1.99914,0.03546,0.0,1.94019,2.05389,1.94019,6.16167,0.0,2.05389,1.94019,6.16167,0.0
33, '2008/7/21', '00:00:00.0',1.99824,2.00765,1.9817,1.9916,0.03544,0.0,1.94019,2.05389,1.94019,6.16167,0.0,2.05389,1.94019,6.16167,0.0
34, '2008/7/28', '00:00:00.0',1.99144,1.99681,1.97271,1.97537,0.03481,0.0,1.94019,2.05389,1.94019,6.16167,0.0,2.05389,1.94019,6.16167,0.0
35, '2008/8/4', '00:00:00.0',1.97425,1.97628,1.91471,1.92105,0.03571,0.0,1.94019,2.05389,1.94019,6.16167,-0.11369999999999991,2.05389,1.94019,6.16167,-0.11369999999999991
36, '2008/8/11', '00:00:00.0',1.91226,1.92554,1.85129,1.86569,0.03726,0.0,1.94019,1.91226,1.94019,1.8564,0.02793000000000001,1.91226,1.94019,1.8564,0.02793000000000001
37, '2008/8/18', '00:00:00.0',1.86422,1.8794,1.85056,1.85266,0.03652,0.0,1.94019,1.86422,1.94019,1.7122799999999998,0.07597000000000009,1.86422,1.94019,1.7122799999999998,0.07597000000000009
38, '2008/8/25', '00:00:00.0',1.85066,1.85899,1.81732,1.82087,0.03687,0.0,1.94019,1.85066,1.94019,1.6715999999999998,0.08953000000000011,1.85066,1.94019,1.6715999999999998,0.08953000000000011
39, '2008/9/1', '00:00:00.0',1.81513,1.81531,1.75384,1.76649,0.03778,0.0,1.94019,1.81513,1.94019,1.5650099999999996,0.12506000000000017,1.81513,1.94019,1.5650099999999996,0.12506000000000017
40, '2008/9/8', '00:00:00.0',1.77879,1.79752,1.74456,1.79343,0.03842,1.7435,1.7435,1.77879,1.7435,1.8493700000000002,0.0,1.77879,1.7435,1.8493700000000002,0.0
41, '2008/9/15', '00:00:00.0',1.80655,1.83876,1.77356,1.83149,0.03944,0.0,1.7435,1.77879,1.7435,1.8493700000000002,0.0,1.77879,1.7435,1.8493700000000002,0.0
42, '2008/9/22', '00:00:00.0',1.83344,1.86687,1.82632,1.8445,0.03961,0.0,1.7435,1.77879,1.7435,1.8493700000000002,0.07058000000000009,1.77879,1.7435,1.8493700000000002,0.07058000000000009
43, '2008/9/29', '00:00:00.0',1.83552,1.83694,1.7551,1.77139,0.04094,0.0,1.7435,1.83552,1.7435,2.0195600000000002,0.0,1.83552,1.7435,2.0195600000000002,0.0
44, '2008/10/6', '00:00:00.0',1.76864,1.77194,1.67934,1.70524,0.04269,0.0,1.7435,1.83552,1.7435,2.0195600000000002,-0.09201999999999999,1.83552,1.7435,2.0195600000000002,-0.09201999999999999
45, '2008/10/13', '00:00:00.0',1.71517,1.7631,1.69273,1.72824,0.04324,0.0,1.7435,1.71517,1.7435,1.6585100000000002,0.028329999999999966,1.71517,1.7435,1.6585100000000002,0.028329999999999966
46, '2008/10/20', '00:00:00.0',1.7313,1.7519,1.52657,1.59216,0.0493,1.52206,1.52206,1.7313,1.52206,2.1497800000000002,0.0,1.7313,1.52206,2.1497800000000002,0.0
47, '2008/10/27', '00:00:00.0',1.58148,1.66733,1.528,1.60765,0.05289,0.0,1.52206,1.7313,1.52206,2.1497800000000002,0.0,1.7313,1.52206,2.1497800000000002,0.0
48, '2008/11/3', '00:00:00.0',1.6083,1.64002,1.55357,1.5643,0.05476,0.0,1.52206,1.7313,1.52206,2.1497800000000002,0.0,1.7313,1.52206,2.1497800000000002,0.0
49, '2008/11/10', '00:00:00.0',1.58171,1.58851,1.45589,1.47379,0.05785,1.45324,1.45324,1.7313,1.52206,2.1497800000000002,-0.2092400000000001,1.7313,1.52206,2.1497800000000002,-0.2092400000000001
50, '2008/11/17', '00:00:00.0',1.46531,1.52492,1.46484,1.49246,0.05869,0.0,1.45324,1.46531,1.45324,1.4894499999999995,0.024139999999999606,1.46531,1.45324,1.4894499999999995,0.024139999999999606
51, '2008/11/24', '00:00:00.0',1.49221,1.55369,1.48406,1.53694,0.05987,0.0,1.45324,1.49221,1.45324,1.57015,0.0,1.49221,1.45324,1.57015,0.0
52, '2008/12/1', '00:00:00.0',1.53654,1.53986,1.44698,1.46907,0.06189,1.44512,1.44512,1.49221,1.45324,1.57015,-0.03896999999999995,1.49221,1.45324,1.57015,-0.03896999999999995
53, '2008/12/8', '00:00:00.0',1.47358,1.51164,1.46793,1.4953,0.06245,0.0,1.44512,1.47358,1.44512,1.5304999999999997,0.0,1.47358,1.44512,1.5304999999999997,0.0
54, '2008/12/15', '00:00:00.0',1.49562,1.57233,1.48123,1.49199,0.06416,0.0,1.44512,1.47358,1.44512,1.5304999999999997,0.05691999999999986,1.47358,1.44512,1.5304999999999997,0.05691999999999986
55, '2008/12/22', '00:00:00.0',1.49524,1.49923,1.45774,1.45839,0.06497,0.0,1.44512,1.49524,1.44512,1.5954799999999998,0.0,1.49524,1.44512,1.5954799999999998,0.0
56, '2008/12/29', '00:00:00.0',1.46615,1.47717,1.43517,1.4548,0.06517,1.43433,1.43433,1.49524,1.44512,1.5954799999999998,-0.05011999999999994,1.49524,1.44512,1.5954799999999998,-0.05011999999999994
57, '2009/1/5', '00:00:00.0',1.45394,1.5374,1.44309,1.51629,0.06701,0.0,1.43433,1.45394,1.43433,1.4931599999999998,0.03921999999999981,1.45394,1.43433,1.4931599999999998,0.03921999999999981
58, '2009/1/12', '00:00:00.0',1.51399,1.51522,1.44693,1.47325,0.06822,0.0,1.43433,1.51399,1.43433,1.6733099999999996,0.0,1.51399,1.43433,1.6733099999999996,0.0
59, '2009/1/19', '00:00:00.0',1.48319,1.49094,1.35024,1.37964,0.07168,1.34743,1.34743,1.51399,1.43433,1.6733099999999996,-0.07965999999999984,1.51399,1.43433,1.6733099999999996,-0.07965999999999984
60, '2009/1/26', '00:00:00.0',1.37324,1.45438,1.35482,1.45406,0.07429,0.0,1.34743,1.37324,1.34743,1.4248600000000002,0.05162000000000022,1.37324,1.34743,1.4248600000000002,0.05162000000000022
61, '2009/2/2', '00:00:00.0',1.44729,1.4844,1.40519,1.47862,0.07589,0.0,1.34743,1.44729,1.34743,1.64701,0.0,1.44729,1.34743,1.64701,0.0
62, '2009/2/9', '00:00:00.0',1.47856,1.49859,1.41377,1.43533,0.07757,0.0,1.34743,1.44729,1.34743,1.64701,0.0,1.44729,1.34743,1.64701,0.0
63, '2009/2/16', '00:00:00.0',1.42119,1.44844,1.40939,1.44337,0.07801,0.0,1.34743,1.44729,1.34743,1.64701,0.0,1.44729,1.34743,1.64701,0.0
64, '2009/2/23', '00:00:00.0',1.44002,1.46615,1.41109,1.43159,0.07904,0.0,1.34743,1.44729,1.34743,1.64701,0.0,1.44729,1.34743,1.64701,0.0
65, '2009/3/2', '00:00:00.0',1.42931,1.43056,1.39579,1.40938,0.07818,0.0,1.34743,1.44729,1.34743,1.64701,0.0,1.44729,1.34743,1.64701,0.0
66, '2009/3/9', '00:00:00.0',1.41323,1.41824,1.36554,1.40018,0.07746,1.36449,1.36449,1.44729,1.34743,1.64701,0.0,1.44729,1.34743,1.64701,0.0
67, '2009/3/16', '00:00:00.0',1.39624,1.45967,1.38443,1.44649,0.07901,0.0,1.36449,1.44729,1.36449,1.64701,0.0,1.44729,1.36449,1.64701,0.0
68, '2009/3/23', '00:00:00.0',1.44702,1.47786,1.42679,1.43197,0.07932,0.0,1.36449,1.44729,1.36449,1.64701,0.0,1.44729,1.36449,1.64701,0.0
69, '2009/3/30', '00:00:00.0',1.42586,1.48468,1.41102,1.48412,0.07954,0.0,1.36449,1.44729,1.36449,1.64701,0.0,1.44729,1.36449,1.64701,0.0
70, '2009/4/6', '00:00:00.0',1.4834,1.49586,1.45818,1.46733,0.07903,0.0,1.36449,1.44729,1.36449,1.64701,0.0,1.44729,1.36449,1.64701,0.0
71, '2009/4/13', '00:00:00.0',1.46385,1.50694,1.46051,1.47964,0.07841,0.0,1.36449,1.44729,1.36449,1.64701,0.0,1.44729,1.36449,1.64701,0.0
72, '2009/4/20', '00:00:00.0',1.48009,1.48145,1.43976,1.46739,0.07844,1.43893,1.43893,1.44729,1.36449,1.64701,0.0,1.44729,1.36449,1.64701,0.0
73, '2009/4/27', '00:00:00.0',1.4671,1.49484,1.45152,1.49188,0.07691,0.0,1.43893,1.44729,1.43893,1.64701,0.0,1.44729,1.43893,1.64701,0.0
74, '2009/5/4', '00:00:00.0',1.49094,1.52479,1.48347,1.52314,0.0752,0.0,1.43893,1.44729,1.43893,1.64701,0.0,1.44729,1.43893,1.64701,0.0
75, '2009/5/11', '00:00:00.0',1.52324,1.53527,1.50604,1.51789,0.07383,0.0,1.43893,1.44729,1.43893,1.64701,0.0,1.44729,1.43893,1.64701,0.0
76, '2009/5/18', '00:00:00.0',1.51614,1.59443,1.51168,1.593,0.06907,0.0,1.43893,1.44729,1.43893,1.64701,0.0,1.44729,1.43893,1.64701,0.0
77, '2009/5/25', '00:00:00.0',1.59119,1.61994,1.57779,1.61896,0.06584,0.0,1.43893,1.44729,1.43893,1.64701,0.0,1.44729,1.43893,1.64701,0.0
78, '2009/6/1', '00:00:00.0',1.61955,1.66638,1.59411,1.59805,0.06536,0.0,1.43893,1.44729,1.43893,1.64701,0.19972000000000012,1.44729,1.43893,1.64701,0.19972000000000012
79, '2009/6/8', '00:00:00.0',1.59805,1.66228,1.58018,1.64471,0.06368,0.0,1.43893,1.59805,1.43893,1.9162899999999998,0.0,1.59805,1.43893,1.9162899999999998,0.0
80, '2009/6/15', '00:00:00.0',1.64371,1.65621,1.61876,1.64982,0.06292,0.0,1.43893,1.59805,1.43893,1.9162899999999998,0.0,1.59805,1.43893,1.9162899999999998,0.0
81, '2009/6/22', '00:00:00.0',1.65094,1.6603,1.6209,1.65244,0.06192,0.0,1.43893,1.59805,1.43893,1.9162899999999998,0.0,1.59805,1.43893,1.9162899999999998,0.0
82, '2009/6/29', '00:00:00.0',1.65263,1.67453,1.6302,1.6323,0.0603,0.0,1.43893,1.59805,1.43893,1.9162899999999998,0.0,1.59805,1.43893,1.9162899999999998,0.0
83, '2009/7/6', '00:00:00.0',1.63232,1.63806,1.59839,1.62057,0.06016,1.5976,1.5976,1.59805,1.43893,1.9162899999999998,0.0,1.59805,1.43893,1.9162899999999998,0.0
84, '2009/7/13', '00:00:00.0',1.62048,1.64805,1.60334,1.63383,0.05862,0.0,1.5976,1.59805,1.5976,1.9162899999999998,0.0,1.59805,1.5976,1.9162899999999998,0.0
85, '2009/7/20', '00:00:00.0',1.6324,1.65865,1.6311,1.64299,0.05815,0.0,1.5976,1.59805,1.5976,1.9162899999999998,0.0,1.59805,1.5976,1.9162899999999998,0.0
86, '2009/7/27', '00:00:00.0',1.64711,1.67337,1.6339,1.67015,0.05807,0.0,1.5976,1.59805,1.5976,1.9162899999999998,0.0,1.59805,1.5976,1.9162899999999998,0.0
87, '2009/8/3', '00:00:00.0',1.67196,1.7043,1.66511,1.66809,0.05623,0.0,1.5976,1.59805,1.5976,1.9162899999999998,0.0,1.59805,1.5976,1.9162899999999998,0.0
88, '2009/8/10', '00:00:00.0',1.66745,1.67199,1.63908,1.65332,0.05502,0.0,1.5976,1.59805,1.5976,1.9162899999999998,0.0,1.59805,1.5976,1.9162899999999998,0.0
89, '2009/8/17', '00:00:00.0',1.6502,1.66251,1.6276,1.64955,0.05149,0.0,1.5976,1.59805,1.5976,1.9162899999999998,0.0,1.59805,1.5976,1.9162899999999998,0.0
90, '2009/8/24', '00:00:00.0',1.65034,1.65465,1.61535,1.62769,0.04948,0.0,1.5976,1.59805,1.5976,1.9162899999999998,0.0,1.59805,1.5976,1.9162899999999998,0.0
91, '2009/8/31', '00:00:00.0',1.627,1.64141,1.6113,1.63969,0.04784,0.0,1.5976,1.59805,1.5976,1.9162899999999998,0.0,1.59805,1.5976,1.9162899999999998,0.0
92, '2009/9/7', '00:00:00.0',1.63925,1.67423,1.6323,1.66729,0.04641,0.0,1.5976,1.59805,1.5976,1.9162899999999998,0.0,1.59805,1.5976,1.9162899999999998,0.0
93, '2009/9/14', '00:00:00.0',1.668,1.66909,1.62308,1.6234,0.04665,0.0,1.5976,1.59805,1.5976,1.9162899999999998,0.0,1.59805,1.5976,1.9162899999999998,0.0
94, '2009/9/21', '00:00:00.0',1.62256,1.64684,1.59154,1.59338,0.04666,0.0,1.5976,1.59805,1.5976,1.9162899999999998,-0.00045000000000006146,1.59805,1.5976,1.9162899999999998,-0.00045000000000006146
95, '2009/9/28', '00:00:00.0',1.59675,1.61266,1.57701,1.59169,0.04665,0.0,1.5976,1.59675,1.5976,1.5950499999999999,0.0008500000000000174,1.59675,1.5976,1.5950499999999999,0.0008500000000000174
96, '2009/10/5', '00:00:00.0',1.59446,1.6121,1.58259,1.58425,0.04588,0.0,1.5976,1.59446,1.5976,1.5881800000000001,0.0031399999999999206,1.59446,1.5976,1.5881800000000001,0.0031399999999999206
97, '2009/10/12', '00:00:00.0',1.58384,1.64,1.57078,1.63577,0.04568,1.5694,1.5694,1.58384,1.5694,1.61272,0.028880000000000017,1.58384,1.5694,1.61272,0.028880000000000017
98, '2009/10/19', '00:00:00.0',1.62852,1.66944,1.62406,1.6308,0.04549,0.0,1.5694,1.62852,1.5694,1.74676,0.0,1.62852,1.5694,1.74676,0.0
99, '2009/10/26', '00:00:00.0',1.6292,1.66044,1.6252,1.64129,0.04421,0.0,1.5694,1.62852,1.5694,1.74676,0.0,1.62852,1.5694,1.74676,0.0
100, '2009/11/2', '00:00:00.0',1.64049,1.66367,1.62612,1.66098,0.0442,0.0,1.5694,1.62852,1.5694,1.74676,0.0,1.62852,1.5694,1.74676,0.0
101, '2009/11/9', '00:00:00.0',1.66668,1.68433,1.65154,1.66944,0.04375,0.0,1.5694,1.62852,1.5694,1.74676,0.0,1.62852,1.5694,1.74676,0.0
102, '2009/11/16', '00:00:00.0',1.67012,1.68784,1.64609,1.65132,0.04375,0.0,1.5694,1.62852,1.5694,1.74676,0.0,1.62852,1.5694,1.74676,0.0
103, '2009/11/23', '00:00:00.0',1.65021,1.67464,1.62718,1.64721,0.04389,0.0,1.5694,1.62852,1.5694,1.74676,0.0,1.62852,1.5694,1.74676,0.0
104, '2009/11/30', '00:00:00.0',1.65071,1.67224,1.63807,1.64473,0.04365,0.0,1.5694,1.62852,1.5694,1.74676,0.0,1.62852,1.5694,1.74676,0.0
105, '2009/12/7', '00:00:00.0',1.64275,1.65165,1.61674,1.62436,0.04384,0.0,1.5694,1.62852,1.5694,1.74676,0.0,1.62852,1.5694,1.74676,0.0
106, '2009/12/14', '00:00:00.0',1.6251,1.64118,1.60526,1.61401,0.04228,0.0,1.5694,1.62852,1.5694,1.74676,0.0,1.62852,1.5694,1.74676,0.0
107, '2009/12/21', '00:00:00.0',1.61189,1.61656,1.59218,1.59411,0.04168,0.0,1.5694,1.62852,1.5694,1.74676,0.0,1.62852,1.5694,1.74676,0.0
108, '2009/12/28', '00:00:00.0',1.59866,1.62368,1.58324,1.61645,0.04062,1.58243,1.58243,1.62852,1.5694,1.74676,0.0,1.62852,1.5694,1.74676,0.0
109, '2010/1/4', '00:00:00.0',1.61101,1.62422,1.58967,1.60269,0.03904,0.0,1.58243,1.62852,1.58243,1.74676,0.0,1.62852,1.58243,1.74676,0.0
110, '2010/1/11', '00:00:00.0',1.607,1.63567,1.60473,1.62584,0.03889,0.0,1.58243,1.62852,1.58243,1.74676,0.0,1.62852,1.58243,1.74676,0.0
111, '2010/1/18', '00:00:00.0',1.62626,1.64583,1.60772,1.61352,0.03885,0.0,1.58243,1.62852,1.58243,1.74676,0.0,1.62852,1.58243,1.74676,0.0
112, '2010/1/25', '00:00:00.0',1.61035,1.62765,1.59827,1.59838,0.03835,0.0,1.58243,1.62852,1.58243,1.74676,0.0,1.62852,1.58243,1.74676,0.0
113, '2010/2/1', '00:00:00.0',1.59469,1.60697,1.55586,1.56298,0.03873,0.0,1.58243,1.62852,1.58243,1.74676,-0.046089999999999964,1.62852,1.58243,1.74676,-0.046089999999999964
114, '2010/2/8', '00:00:00.0',1.55916,1.57653,1.55345,1.56723,0.03801,0.0,1.58243,1.55916,1.58243,1.5126200000000003,0.023269999999999902,1.55916,1.58243,1.5126200000000003,0.023269999999999902
115, '2010/2/15', '00:00:00.0',1.56833,1.58163,1.53466,1.54546,0.03866,0.0,1.58243,1.56833,1.58243,1.54013,0.014100000000000001,1.56833,1.58243,1.54013,0.014100000000000001
116, '2010/2/22', '00:00:00.0',1.54767,1.5576,1.51523,1.52501,0.03875,0.0,1.58243,1.54767,1.58243,1.4781500000000003,0.0347599999999999,1.54767,1.58243,1.4781500000000003,0.0347599999999999
117, '2010/3/1', '00:00:00.0',1.51567,1.52045,1.47838,1.51464,0.039,1.47754,1.47754,1.51567,1.47754,1.59193,0.0,1.51567,1.47754,1.59193,0.0
118, '2010/3/8', '00:00:00.0',1.51338,1.52178,1.48727,1.51865,0.03905,0.0,1.47754,1.51567,1.47754,1.59193,0.0,1.51567,1.47754,1.59193,0.0
119, '2010/3/15', '00:00:00.0',1.5172,1.53821,1.49779,1.50198,0.03924,0.0,1.47754,1.51567,1.47754,1.59193,0.0,1.51567,1.47754,1.59193,0.0
120, '2010/3/22', '00:00:00.0',1.50236,1.51127,1.47988,1.49021,0.03897,1.47925,1.47925,1.51567,1.47754,1.59193,0.0,1.51567,1.47754,1.59193,0.0
121, '2010/3/29', '00:00:00.0',1.49205,1.5299,1.48923,1.52055,0.03933,0.0,1.47925,1.51567,1.47925,1.59193,0.0,1.51567,1.47925,1.59193,0.0
122, '2010/4/5', '00:00:00.0',1.52844,1.5392,1.51295,1.53793,0.0388,0.0,1.47925,1.51567,1.47925,1.59193,0.0,1.51567,1.47925,1.59193,0.0
123, '2010/4/12', '00:00:00.0',1.54574,1.55236,1.53365,1.53913,0.03789,0.0,1.47925,1.51567,1.47925,1.59193,0.0,1.51567,1.47925,1.59193,0.0
124, '2010/4/19', '00:00:00.0',1.5271,1.54735,1.51916,1.53785,0.03699,0.0,1.47925,1.51567,1.47925,1.59193,0.0,1.51567,1.47925,1.59193,0.0
125, '2010/4/26', '00:00:00.0',1.5388,1.54976,1.51255,1.53013,0.03704,0.0,1.47925,1.51567,1.47925,1.59193,0.0,1.51567,1.47925,1.59193,0.0
126, '2010/5/3', '00:00:00.0',1.53215,1.53315,1.44763,1.48201,0.03891,0.0,1.47925,1.51567,1.47925,1.59193,-0.03642000000000012,1.51567,1.47925,1.59193,-0.03642000000000012
127, '2010/5/10', '00:00:00.0',1.48634,1.50486,1.44961,1.45377,0.03844,0.0,1.47925,1.48634,1.47925,1.50052,-0.007090000000000041,1.48634,1.47925,1.50052,-0.007090000000000041
128, '2010/5/17', '00:00:00.0',1.4513,1.45466,1.42273,1.44841,0.03799,1.42209,1.42209,1.4513,1.42209,1.50972,0.0,1.4513,1.42209,1.50972,0.0
129, '2010/5/24', '00:00:00.0',1.44655,1.46117,1.4259,1.44536,0.03799,0.0,1.42209,1.4513,1.42209,1.50972,0.0,1.4513,1.42209,1.50972,0.0
130, '2010/5/31', '00:00:00.0',1.4417,1.47708,1.44164,1.44743,0.03792,0.0,1.42209,1.4513,1.42209,1.50972,0.0,1.4513,1.42209,1.50972,0.0
131, '2010/6/7', '00:00:00.0',1.44096,1.47593,1.43467,1.45375,0.03821,0.0,1.42209,1.4513,1.42209,1.50972,0.0,1.4513,1.42209,1.50972,0.0
132, '2010/6/14', '00:00:00.0',1.45775,1.48865,1.45519,1.4825,0.03798,0.0,1.42209,1.4513,1.42209,1.50972,0.0,1.4513,1.42209,1.50972,0.0
133, '2010/6/21', '00:00:00.0',1.48642,1.50787,1.46874,1.5077,0.0377,0.0,1.42209,1.4513,1.42209,1.50972,0.0,1.4513,1.42209,1.50972,0.0
134, '2010/6/28', '00:00:00.0',1.50655,1.52294,1.48735,1.51965,0.03775,0.0,1.42209,1.4513,1.42209,1.50972,0.058419999999999916,1.4513,1.42209,1.50972,0.058419999999999916
135, '2010/7/5', '00:00:00.0',1.5203,1.52416,1.50509,1.50616,0.03722,0.0,1.42209,1.5203,1.42209,1.7167199999999998,0.0,1.5203,1.42209,1.7167199999999998,0.0
136, '2010/7/12', '00:00:00.0',1.50679,1.54724,1.49487,1.5299,0.03777,0.0,1.42209,1.5203,1.42209,1.7167199999999998,0.0,1.5203,1.42209,1.7167199999999998,0.0
137, '2010/7/19', '00:00:00.0',1.52755,1.54495,1.51248,1.54282,0.03804,0.0,1.42209,1.5203,1.42209,1.7167199999999998,0.0,1.5203,1.42209,1.7167199999999998,0.0
138, '2010/7/26', '00:00:00.0',1.5418,1.57218,1.54094,1.56903,0.03773,0.0,1.42209,1.5203,1.42209,1.7167199999999998,0.0,1.5203,1.42209,1.7167199999999998,0.0
139, '2010/8/2', '00:00:00.0',1.5711,1.59985,1.5696,1.5965,0.03761,0.0,1.42209,1.5203,1.42209,1.7167199999999998,0.0,1.5203,1.42209,1.7167199999999998,0.0
140, '2010/8/9', '00:00:00.0',1.5965,1.5996,1.55621,1.5592,0.03795,0.0,1.42209,1.5203,1.42209,1.7167199999999998,0.0,1.5203,1.42209,1.7167199999999998,0.0
141, '2010/8/16', '00:00:00.0',1.56134,1.57029,1.54634,1.5533,0.03748,0.0,1.42209,1.5203,1.42209,1.7167199999999998,0.0,1.5203,1.42209,1.7167199999999998,0.0
142, '2010/8/23', '00:00:00.0',1.55349,1.56196,1.53727,1.5514,0.03733,0.0,1.42209,1.5203,1.42209,1.7167199999999998,0.0,1.5203,1.42209,1.7167199999999998,0.0
143, '2010/8/30', '00:00:00.0',1.5531,1.55767,1.53269,1.54665,0.03646,0.0,1.42209,1.5203,1.42209,1.7167199999999998,0.0,1.5203,1.42209,1.7167199999999998,0.0
144, '2010/9/6', '00:00:00.0',1.54305,1.55334,1.52969,1.53537,0.03647,1.52922,1.52922,1.5203,1.42209,1.7167199999999998,0.0,1.5203,1.42209,1.7167199999999998,0.0
145, '2010/9/13', '00:00:00.0',1.5357,1.57295,1.53486,1.56225,0.03618,0.0,1.52922,1.5203,1.52922,1.7167199999999998,0.0,1.5203,1.52922,1.7167199999999998,0.0
146, '2010/9/20', '00:00:00.0',1.56533,1.58437,1.55035,1.58207,0.0359,0.0,1.52922,1.5203,1.52922,1.7167199999999998,0.0,1.5203,1.52922,1.7167199999999998,0.0
147, '2010/9/27', '00:00:00.0',1.5822,1.59233,1.56702,1.5835,0.03519,0.0,1.52922,1.5203,1.52922,1.7167199999999998,0.0,1.5203,1.52922,1.7167199999999998,0.0
148, '2010/10/4', '00:00:00.0',1.57997,1.60182,1.57489,1.59523,0.03494,0.0,1.52922,1.5203,1.52922,1.7167199999999998,0.0,1.5203,1.52922,1.7167199999999998,0.0
149, '2010/10/11', '00:00:00.0',1.59518,1.61074,1.57551,1.59851,0.03476,0.0,1.52922,1.5203,1.52922,1.7167199999999998,0.0,1.5203,1.52922,1.7167199999999998,0.0
150, '2010/10/18', '00:00:00.0',1.5978,1.60045,1.56505,1.56806,0.0349,1.56434,1.56434,1.5203,1.52922,1.7167199999999998,0.0,1.5203,1.52922,1.7167199999999998,0.0
151, '2010/10/25', '00:00:00.0',1.56765,1.60377,1.56629,1.60223,0.03479,0.0,1.56434,1.5203,1.56434,1.7167199999999998,0.0,1.5203,1.56434,1.7167199999999998,0.0
152, '2010/11/1', '00:00:00.0',1.60475,1.62992,1.59616,1.61862,0.03504,0.0,1.56434,1.5203,1.56434,1.7167199999999998,0.0,1.5203,1.56434,1.7167199999999998,0.0
153, '2010/11/8', '00:00:00.0',1.61855,1.62139,1.59521,1.6137,0.03529,0.0,1.56434,1.5203,1.56434,1.7167199999999998,0.0,1.5203,1.56434,1.7167199999999998,0.0
154, '2010/11/15', '00:00:00.0',1.61495,1.61545,1.58392,1.59875,0.0354,0.0,1.56434,1.5203,1.56434,1.7167199999999998,0.0,1.5203,1.56434,1.7167199999999998,0.0
155, '2010/11/22', '00:00:00.0',1.59794,1.60846,1.55763,1.55926,0.03586,0.0,1.56434,1.5203,1.56434,1.7167199999999998,0.04404000000000008,1.5203,1.56434,1.7167199999999998,0.04404000000000008
156, '2010/11/29', '00:00:00.0',1.55966,1.5788,1.5485,1.57715,0.03402,0.0,1.56434,1.55966,1.56434,1.5503,0.0046800000000000175,1.55966,1.56434,1.5503,0.0046800000000000175
157, '2010/12/6', '00:00:00.0',1.57653,1.58625,1.56558,1.58107,0.03286,0.0,1.56434,1.57653,1.56434,1.6009099999999998,0.0,1.57653,1.56434,1.6009099999999998,0.0
158, '2010/12/13', '00:00:00.0',1.58,1.59114,1.54546,1.5519,0.03332,0.0,1.56434,1.57653,1.56434,1.6009099999999998,-0.012189999999999923,1.57653,1.56434,1.6009099999999998,-0.012189999999999923
159, '2010/12/20', '00:00:00.0',1.55155,1.55769,1.53564,1.54432,0.03288,0.0,1.56434,1.55155,1.56434,1.5259699999999998,0.012790000000000079,1.55155,1.56434,1.5259699999999998,0.012790000000000079
160, '2010/12/27', '00:00:00.0',1.54423,1.56659,1.53451,1.55961,0.03277,1.53386,1.53386,1.54423,1.53386,1.56497,0.02073999999999998,1.54423,1.53386,1.56497,0.02073999999999998
161, '2011/1/3', '00:00:00.0',1.55951,1.56459,1.5406,1.55495,0.03219,0.0,1.53386,1.55951,1.53386,1.6108099999999999,0.0,1.55951,1.53386,1.6108099999999999,0.0
162, '2011/1/10', '00:00:00.0',1.55235,1.58891,1.54753,1.58731,0.03241,0.0,1.53386,1.55951,1.53386,1.6108099999999999,0.0,1.55951,1.53386,1.6108099999999999,0.0
163, '2011/1/17', '00:00:00.0',1.5865,1.606,1.58355,1.60044,0.03185,0.0,1.53386,1.55951,1.53386,1.6108099999999999,0.0,1.55951,1.53386,1.6108099999999999,0.0
164, '2011/1/24', '00:00:00.0',1.60079,1.60171,1.57509,1.58628,0.03156,0.0,1.53386,1.55951,1.53386,1.6108099999999999,0.0,1.55951,1.53386,1.6108099999999999,0.0
165, '2011/1/31', '00:00:00.0',1.58487,1.62787,1.58216,1.60979,0.03244,0.0,1.53386,1.55951,1.53386,1.6108099999999999,0.0512999999999999,1.55951,1.53386,1.6108099999999999,0.0512999999999999
166, '2011/2/7', '00:00:00.0',1.60979,1.61854,1.59634,1.59991,0.03144,0.0,1.53386,1.60979,1.53386,1.7616500000000002,0.0,1.60979,1.53386,1.7616500000000002,0.0
167, '2011/2/14', '00:00:00.0',1.59883,1.62634,1.59818,1.6233,0.03129,0.0,1.53386,1.60979,1.53386,1.7616500000000002,0.0,1.60979,1.53386,1.7616500000000002,0.0
168, '2011/2/21', '00:00:00.0',1.62596,1.62743,1.60312,1.6115,0.03106,0.0,1.53386,1.60979,1.53386,1.7616500000000002,0.0,1.60979,1.53386,1.7616500000000002,0.0
169, '2011/2/28', '00:00:00.0',1.61126,1.63443,1.60719,1.6272,0.03094,0.0,1.53386,1.60979,1.53386,1.7616500000000002,0.0,1.60979,1.53386,1.7616500000000002,0.0
170, '2011/3/7', '00:00:00.0',1.62775,1.63421,1.59774,1.60875,0.03071,1.59701,1.59701,1.60979,1.53386,1.7616500000000002,0.0,1.60979,1.53386,1.7616500000000002,0.0
171, '2011/3/14', '00:00:00.0',1.60938,1.62567,1.59787,1.6228,0.03084,0.0,1.59701,1.60979,1.59701,1.7616500000000002,0.0,1.60979,1.59701,1.7616500000000002,0.0
172, '2011/3/21', '00:00:00.0',1.62353,1.64011,1.60081,1.60197,0.03133,0.0,1.59701,1.60979,1.59701,1.7616500000000002,0.0,1.60979,1.59701,1.7616500000000002,0.0
173, '2011/3/28', '00:00:00.0',1.60012,1.61513,1.59368,1.61194,0.03121,1.59326,1.59326,1.60979,1.59701,1.7616500000000002,-0.012780000000000014,1.60979,1.59701,1.7616500000000002,-0.012780000000000014
174, '2011/4/4', '00:00:00.0',1.6107,1.64281,1.60918,1.63805,0.03154,0.0,1.59326,1.6107,1.59326,1.6455800000000003,0.0,1.6107,1.59326,1.6455800000000003,0.0
175, '2011/4/11', '00:00:00.0',1.63772,1.64265,1.62277,1.62955,0.03094,0.0,1.59326,1.6107,1.59326,1.6455800000000003,0.0,1.6107,1.59326,1.6455800000000003,0.0
176, '2011/4/18', '00:00:00.0',1.63104,1.65997,1.61661,1.65162,0.03125,0.0,1.59326,1.6107,1.59326,1.6455800000000003,0.034880000000000244,1.6107,1.59326,1.6455800000000003,0.034880000000000244
177, '2011/4/25', '00:00:00.0',1.653,1.67465,1.64315,1.67041,0.03145,0.0,1.59326,1.653,1.59326,1.7724800000000003,0.0,1.653,1.59326,1.7724800000000003,0.0
178, '2011/5/2', '00:00:00.0',1.67139,1.67386,1.63554,1.6398,0.03183,0.0,1.59326,1.653,1.59326,1.7724800000000003,0.0,1.653,1.59326,1.7724800000000003,0.0
179, '2011/5/9', '00:00:00.0',1.6398,1.65179,1.6147,1.61885,0.03189,0.0,1.59326,1.653,1.59326,1.7724800000000003,0.0,1.653,1.59326,1.7724800000000003,0.0
180, '2011/5/16', '00:00:00.0',1.62115,1.63054,1.61053,1.62443,0.03138,0.0,1.59326,1.653,1.59326,1.7724800000000003,0.0,1.653,1.59326,1.7724800000000003,0.0
181, '2011/5/23', '00:00:00.0',1.62255,1.65097,1.60579,1.64817,0.03164,0.0,1.59326,1.653,1.59326,1.7724800000000003,0.0,1.653,1.59326,1.7724800000000003,0.0
182, '2011/5/30', '00:00:00.0',1.6501,1.65473,1.62857,1.64313,0.03138,0.0,1.59326,1.653,1.59326,1.7724800000000003,0.0,1.653,1.59326,1.7724800000000003,0.0
183, '2011/6/6', '00:00:00.0',1.64163,1.64728,1.62172,1.62258,0.03136,0.0,1.59326,1.653,1.59326,1.7724800000000003,0.0,1.653,1.59326,1.7724800000000003,0.0
184, '2011/6/13', '00:00:00.0',1.62316,1.64418,1.6079,1.61803,0.03152,0.0,1.59326,1.653,1.59326,1.7724800000000003,0.0,1.653,1.59326,1.7724800000000003,0.0
185, '2011/6/20', '00:00:00.0',1.6163,1.62632,1.59384,1.59635,0.03091,0.0,1.59326,1.653,1.59326,1.7724800000000003,0.0,1.653,1.59326,1.7724800000000003,0.0
186, '2011/6/27', '00:00:00.0',1.59634,1.6119,1.59119,1.60664,0.03059,0.0,1.59326,1.653,1.59326,1.7724800000000003,-0.059740000000000126,1.653,1.59326,1.7724800000000003,-0.059740000000000126
187, '2011/7/4', '00:00:00.0',1.60623,1.61406,1.59318,1.60446,0.0306,0.0,1.59326,1.60623,1.59326,1.6321700000000003,-0.012970000000000148,1.60623,1.59326,1.6321700000000003,-0.012970000000000148
188, '2011/7/11', '00:00:00.0',1.60171,1.61936,1.57803,1.61295,0.03045,1.57721,1.57721,1.60171,1.59326,1.65071,-0.008450000000000069,1.60171,1.59326,1.61861,-0.008450000000000069
189, '2011/7/18', '00:00:00.0',1.61105,1.63412,1.60054,1.63015,0.03084,0.0,1.57721,1.61105,1.57721,1.6787300000000003,0.0,1.61105,1.57721,1.6787300000000003,0.0
190, '2011/7/25', '00:00:00.0',1.63358,1.64705,1.62613,1.64202,0.03046,0.0,1.57721,1.61105,1.57721,1.6787300000000003,0.0,1.61105,1.57721,1.6787300000000003,0.0
191, '2011/8/1', '00:00:00.0',1.64264,1.64755,1.62247,1.639,0.0305,0.0,1.57721,1.61105,1.57721,1.6787300000000003,0.0,1.61105,1.57721,1.6787300000000003,0.0
192, '2011/8/8', '00:00:00.0',1.64711,1.64785,1.61119,1.628,0.03034,0.0,1.57721,1.61105,1.57721,1.6787300000000003,0.0,1.61105,1.57721,1.6787300000000003,0.0
193, '2011/8/15', '00:00:00.0',1.62786,1.66181,1.62556,1.64722,0.0308,0.0,1.57721,1.61105,1.57721,1.6787300000000003,0.0,1.61105,1.57721,1.6787300000000003,0.0
194, '2011/8/22', '00:00:00.0',1.64698,1.65732,1.6208,1.63485,0.03113,0.0,1.57721,1.61105,1.57721,1.6787300000000003,0.0,1.61105,1.57721,1.6787300000000003,0.0
195, '2011/8/29', '00:00:00.0',1.63511,1.64544,1.61319,1.62216,0.03069,0.0,1.57721,1.61105,1.57721,1.6787300000000003,0.0,1.61105,1.57721,1.6787300000000003,0.0
196, '2011/9/5', '00:00:00.0',1.61535,1.62092,1.58442,1.5878,0.0312,0.0,1.57721,1.61105,1.57721,1.6787300000000003,0.0,1.61105,1.57721,1.6787300000000003,0.0
197, '2011/9/12', '00:00:00.0',1.58361,1.5886,1.57065,1.57955,0.03086,0.0,1.57721,1.61105,1.57721,1.6787300000000003,-0.03384000000000009,1.61105,1.57721,1.6787300000000003,-0.03384000000000009
198, '2011/9/19', '00:00:00.0',1.57328,1.57572,1.53283,1.54763,0.03161,0.0,1.57721,1.57328,1.57721,1.56542,0.003929999999999989,1.57328,1.57721,1.56542,0.003929999999999989
199, '2011/9/26', '00:00:00.0',1.54821,1.57159,1.54326,1.55922,0.03165,0.0,1.57721,1.54821,1.57721,1.4902100000000003,0.028999999999999915,1.54821,1.57721,1.4902100000000003,0.028999999999999915
200, '2011/10/3', '00:00:00.0',1.55512,1.56463,1.52718,1.55617,0.03168,1.52643,1.52643,1.55512,1.52643,1.6125000000000003,0.0,1.55512,1.52643,1.6125000000000003,0.0
201, '2011/10/10', '00:00:00.0',1.55598,1.58525,1.55278,1.58133,0.03183,0.0,1.52643,1.55512,1.52643,1.6125000000000003,0.0,1.55512,1.52643,1.6125000000000003,0.0
202, '2011/10/17', '00:00:00.0',1.58308,1.59738,1.56315,1.59689,0.03167,0.0,1.52643,1.55512,1.52643,1.6125000000000003,0.0,1.55512,1.52643,1.6125000000000003,0.0
203, '2011/10/24', '00:00:00.0',1.59352,1.61527,1.58911,1.61276,0.03182,0.0,1.52643,1.55512,1.52643,1.6125000000000003,0.05738000000000021,1.55512,1.52643,1.6125000000000003,0.05738000000000021
204, '2011/10/31', '00:00:00.0',1.6127,1.61668,1.58766,1.60198,0.03167,0.0,1.52643,1.6127,1.52643,1.7852400000000002,0.0,1.6127,1.52643,1.7852400000000002,0.0
205, '2011/11/7', '00:00:00.0',1.60688,1.61302,1.58688,1.60782,0.03188,0.0,1.52643,1.6127,1.52643,1.7852400000000002,0.0,1.6127,1.52643,1.7852400000000002,0.0
206, '2011/11/14', '00:00:00.0',1.60904,1.60928,1.56916,1.57875,0.03177,0.0,1.52643,1.6127,1.52643,1.7852400000000002,0.0,1.6127,1.52643,1.7852400000000002,0.0
207, '2011/11/21', '00:00:00.0',1.57922,1.58,1.54232,1.54527,0.03198,1.54157,1.54157,1.6127,1.52643,1.7852400000000002,0.0,1.6127,1.52643,1.7852400000000002,0.0
208, '2011/11/28', '00:00:00.0',1.54869,1.57801,1.54589,1.56011,0.03179,0.0,1.54157,1.6127,1.54157,1.7852400000000002,0.0,1.6127,1.54157,1.7852400000000002,0.0
209, '2011/12/5', '00:00:00.0',1.56282,1.57701,1.55617,1.56705,0.03125,0.0,1.54157,1.6127,1.54157,1.7852400000000002,0.0,1.6127,1.54157,1.7852400000000002,0.0
210, '2011/12/12', '00:00:00.0',1.5654,1.56586,1.54085,1.55471,0.03145,0.0,1.54157,1.6127,1.54157,1.7852400000000002,-0.07112999999999992,1.6127,1.54157,1.7852400000000002,-0.07112999999999992
211, '2011/12/19', '00:00:00.0',1.55443,1.57744,1.54656,1.55874,0.03098,0.0,1.54157,1.55443,1.54157,1.5801499999999997,0.0,1.55443,1.54157,1.5801499999999997,0.0
212, '2011/12/26', '00:00:00.0',1.55874,1.57019,1.53616,1.55468,0.03124,0.0,1.54157,1.55443,1.54157,1.5801499999999997,-0.012859999999999872,1.55443,1.54157,1.5801499999999997,-0.012859999999999872
213, '2012/1/2', '00:00:00.0',1.55468,1.56701,1.53759,1.5426,0.03137,0.0,1.54157,1.55468,1.54157,1.5809,-0.013109999999999955,1.55468,1.54157,1.5809,-0.013109999999999955
214, '2012/1/9', '00:00:00.0',1.54243,1.5501,1.52336,1.5315,0.03105,1.52282,1.52282,1.54243,1.54157,1.5816499999999998,-0.0008599999999998609,1.54243,1.54157,1.5441499999999997,-0.0008599999999998609
215, '2012/1/16', '00:00:00.0',1.52811,1.55782,1.52782,1.55755,0.03097,0.0,1.52282,1.52811,1.52282,1.5386900000000001,0.010580000000000034,1.52811,1.52282,1.5386900000000001,0.010580000000000034
216, '2012/1/23', '00:00:00.0',1.55576,1.57408,1.5517,1.5728,0.03102,0.0,1.52282,1.55576,1.52282,1.62164,0.0,1.55576,1.52282,1.62164,0.0
217, '2012/1/30', '00:00:00.0',1.57355,1.58831,1.56541,1.58141,0.03109,0.0,1.52282,1.55576,1.52282,1.62164,0.0,1.55576,1.52282,1.62164,0.0
218, '2012/2/6', '00:00:00.0',1.58063,1.5929,1.57301,1.57547,0.03038,0.0,1.52282,1.55576,1.52282,1.62164,0.0,1.55576,1.52282,1.62164,0.0
219, '2012/2/13', '00:00:00.0',1.57782,1.58623,1.56449,1.58306,0.02998,1.56406,1.56406,1.55576,1.52282,1.62164,0.0,1.55576,1.52282,1.62164,0.0
220, '2012/2/20', '00:00:00.0',1.58465,1.58995,1.56487,1.58772,0.03012,0.0,1.56406,1.55576,1.56406,1.62164,0.0,1.55576,1.56406,1.62164,0.0
221, '2012/2/27', '00:00:00.0',1.58875,1.59922,1.57999,1.58328,0.02992,0.0,1.56406,1.55576,1.56406,1.62164,0.0,1.55576,1.56406,1.62164,0.0
222, '2012/3/5', '00:00:00.0',1.58425,1.58826,1.56625,1.56743,0.02944,0.0,1.56406,1.55576,1.56406,1.62164,0.0,1.55576,1.56406,1.62164,0.0
223, '2012/3/12', '00:00:00.0',1.56715,1.58613,1.56027,1.58439,0.02909,1.55975,1.55975,1.55576,1.56406,1.62164,0.008299999999999974,1.55576,1.56406,1.62164,0.008299999999999974
224, '2012/3/19', '00:00:00.0',1.5841,1.59233,1.57709,1.58688,0.02838,0.0,1.55975,1.5841,1.55975,1.6328000000000003,0.0,1.5841,1.55975,1.6328000000000003,0.0
225, '2012/3/26', '00:00:00.0',1.58759,1.60374,1.58015,1.60113,0.02809,0.0,1.55975,1.5841,1.55975,1.6328000000000003,0.0,1.5841,1.55975,1.6328000000000003,0.0
226, '2012/4/2', '00:00:00.0',1.60245,1.60629,1.58053,1.58723,0.02769,0.0,1.55975,1.5841,1.55975,1.6328000000000003,0.0,1.5841,1.55975,1.6328000000000003,0.0
227, '2012/4/9', '00:00:00.0',1.58925,1.59853,1.58091,1.58475,0.02768,0.0,1.55975,1.5841,1.55975,1.6328000000000003,0.0,1.5841,1.55975,1.6328000000000003,0.0
228, '2012/4/16', '00:00:00.0',1.58524,1.615,1.58191,1.6122,0.02723,0.0,1.55975,1.5841,1.55975,1.6328000000000003,0.0,1.5841,1.55975,1.6328000000000003,0.0
229, '2012/4/23', '00:00:00.0',1.61217,1.62805,1.60769,1.62653,0.02696,0.0,1.55975,1.5841,1.55975,1.6328000000000003,0.0,1.5841,1.55975,1.6328000000000003,0.0
230, '2012/4/30', '00:00:00.0',1.62744,1.63017,1.61416,1.61518,0.02625,0.0,1.55975,1.5841,1.55975,1.6328000000000003,0.0,1.5841,1.55975,1.6328000000000003,0.0
231, '2012/5/7', '00:00:00.0',1.61375,1.61988,1.6062,1.6069,0.02562,0.0,1.55975,1.5841,1.55975,1.6328000000000003,0.0,1.5841,1.55975,1.6328000000000003,0.0
232, '2012/5/14', '00:00:00.0',1.60652,1.61231,1.57316,1.58184,0.02578,0.0,1.55975,1.5841,1.55975,1.6328000000000003,0.0,1.5841,1.55975,1.6328000000000003,0.0
233, '2012/5/21', '00:00:00.0',1.58,1.58483,1.56304,1.56575,0.02564,0.0,1.55975,1.5841,1.55975,1.6328000000000003,0.0,1.5841,1.55975,1.6328000000000003,0.0
234, '2012/5/28', '00:00:00.0',1.56925,1.57174,1.52684,1.53601,0.02617,1.52594,1.52594,1.5841,1.55975,1.6328000000000003,-0.024350000000000094,1.5841,1.55975,1.6328000000000003,-0.024350000000000094
235, '2012/6/4', '00:00:00.0',1.53615,1.56012,1.53212,1.54722,0.02623,0.0,1.52594,1.53615,1.52594,1.5565699999999996,0.02041999999999966,1.53615,1.52594,1.5565699999999996,0.02041999999999966
236, '2012/6/11', '00:00:00.0',1.55121,1.57274,1.54542,1.57175,0.0258,0.0,1.52594,1.55121,1.52594,1.6017499999999998,0.0,1.55121,1.52594,1.6017499999999998,0.0
237, '2012/6/18', '00:00:00.0',1.57116,1.57778,1.55572,1.55892,0.02528,0.0,1.52594,1.55121,1.52594,1.6017499999999998,0.0,1.55121,1.52594,1.6017499999999998,0.0
238, '2012/6/25', '00:00:00.0',1.55676,1.57156,1.54853,1.57019,0.02496,0.0,1.52594,1.55121,1.52594,1.6017499999999998,0.0,1.55121,1.52594,1.6017499999999998,0.0
239, '2012/7/2', '00:00:00.0',1.5698,1.5722,1.5461,1.54898,0.02513,0.0,1.52594,1.55121,1.52594,1.6017499999999998,0.0,1.55121,1.52594,1.6017499999999998,0.0
240, '2012/7/9', '00:00:00.0',1.54789,1.5581,1.53932,1.5574,0.02489,0.0,1.52594,1.55121,1.52594,1.6017499999999998,0.0,1.55121,1.52594,1.6017499999999998,0.0
241, '2012/7/16', '00:00:00.0',1.55774,1.57375,1.55174,1.56251,0.02459,0.0,1.52594,1.55121,1.52594,1.6017499999999998,0.0,1.55121,1.52594,1.6017499999999998,0.0
242, '2012/7/23', '00:00:00.0',1.5624,1.57682,1.54586,1.5744,0.02449,0.0,1.52594,1.55121,1.52594,1.6017499999999998,0.0,1.55121,1.52594,1.6017499999999998,0.0
243, '2012/7/30', '00:00:00.0',1.5738,1.57525,1.54905,1.56479,0.02438,0.0,1.52594,1.55121,1.52594,1.6017499999999998,0.0,1.55121,1.52594,1.6017499999999998,0.0
244, '2012/8/6', '00:00:00.0',1.5614,1.57014,1.55469,1.56872,0.02401,0.0,1.52594,1.55121,1.52594,1.6017499999999998,0.0,1.55121,1.52594,1.6017499999999998,0.0
245, '2012/8/13', '00:00:00.0',1.56734,1.57448,1.56366,1.56955,0.02337,0.0,1.52594,1.55121,1.52594,1.6017499999999998,0.0,1.55121,1.52594,1.6017499999999998,0.0
246, '2012/8/20', '00:00:00.0',1.5708,1.59126,1.56781,1.5811,0.0234,0.0,1.52594,1.55121,1.52594,1.6017499999999998,0.0,1.55121,1.52594,1.6017499999999998,0.0
247, '2012/8/27', '00:00:00.0',1.5821,1.58959,1.5754,1.58672,0.02311,0.0,1.52594,1.55121,1.52594,1.6017499999999998,0.0,1.55121,1.52594,1.6017499999999998,0.0
248, '2012/9/3', '00:00:00.0',1.58809,1.60344,1.5826,1.60069,0.02314,0.0,1.52594,1.55121,1.52594,1.6017499999999998,0.05053999999999981,1.55121,1.52594,1.6017499999999998,0.05053999999999981
249, '2012/9/10', '00:00:00.0',1.60164,1.6256,1.59595,1.62162,0.02341,0.0,1.52594,1.60164,1.52594,1.7530399999999997,0.0,1.60164,1.52594,1.7530399999999997,0.0
250, '2012/9/17', '00:00:00.0',1.62225,1.63097,1.61636,1.62294,0.02306,0.0,1.52594,1.60164,1.52594,1.7530399999999997,0.0,1.60164,1.52594,1.7530399999999997,0.0
251, '2012/9/24', '00:00:00.0',1.62376,1.62722,1.61133,1.61611,0.02295,0.0,1.52594,1.60164,1.52594,1.7530399999999997,0.0,1.60164,1.52594,1.7530399999999997,0.0
252, '2012/10/1', '00:00:00.0',1.61469,1.62173,1.60671,1.61296,0.02271,0.0,1.52594,1.60164,1.52594,1.7530399999999997,0.0,1.60164,1.52594,1.7530399999999997,0.0
253, '2012/10/8', '00:00:00.0',1.6135,1.61429,1.59765,1.60719,0.02241,0.0,1.52594,1.60164,1.52594,1.7530399999999997,0.0,1.60164,1.52594,1.7530399999999997,0.0
254, '2012/10/15', '00:00:00.0',1.60756,1.61786,1.59969,1.60061,0.0225,0.0,1.52594,1.60164,1.52594,1.7530399999999997,0.0,1.60164,1.52594,1.7530399999999997,0.0
255, '2012/10/22', '00:00:00.0',1.60133,1.61438,1.59136,1.6103,0.02248,0.0,1.52594,1.60164,1.52594,1.7530399999999997,0.0,1.60164,1.52594,1.7530399999999997,0.0
256, '2012/10/29', '00:00:00.0',1.61053,1.6175,1.60071,1.60242,0.02218,0.0,1.52594,1.60164,1.52594,1.7530399999999997,0.0,1.60164,1.52594,1.7530399999999997,0.0
257, '2012/11/5', '00:00:00.0',1.6011,1.60425,1.58872,1.58987,0.02212,0.0,1.52594,1.60164,1.52594,1.7530399999999997,0.0,1.60164,1.52594,1.7530399999999997,0.0
258, '2012/11/12', '00:00:00.0',1.59035,1.59156,1.58265,1.58843,0.02131,1.58248,1.58248,1.60164,1.52594,1.7530399999999997,0.0,1.60164,1.52594,1.7530399999999997,0.0
259, '2012/11/19', '00:00:00.0',1.5887,1.60515,1.58828,1.60313,0.02119,0.0,1.58248,1.60164,1.58248,1.7530399999999997,0.0,1.60164,1.58248,1.7530399999999997,0.0
260, '2012/11/26', '00:00:00.0',1.60293,1.60624,1.59623,1.60096,0.02099,0.0,1.58248,1.60164,1.58248,1.7530399999999997,0.0,1.60164,1.58248,1.7530399999999997,0.0
261, '2012/12/3', '00:00:00.0',1.60177,1.61309,1.6002,1.60417,0.02097,0.0,1.58248,1.60164,1.58248,1.7530399999999997,0.0,1.60164,1.58248,1.7530399999999997,0.0
262, '2012/12/10', '00:00:00.0',1.60377,1.61777,1.60142,1.6169,0.02021,0.0,1.58248,1.60164,1.58248,1.7530399999999997,0.0,1.60164,1.58248,1.7530399999999997,0.0
263, '2012/12/17', '00:00:00.0',1.6167,1.63069,1.61524,1.61699,0.02,0.0,1.58248,1.60164,1.58248,1.7530399999999997,0.0,1.60164,1.58248,1.7530399999999997,0.0
264, '2012/12/24', '00:00:00.0',1.61553,1.62062,1.60672,1.61699,0.01896,0.0,1.58248,1.60164,1.58248,1.7530399999999997,0.0,1.60164,1.58248,1.7530399999999997,0.0
265, '2012/12/31', '00:00:00.0',1.61751,1.63446,1.60095,1.60683,0.01915,0.0,1.58248,1.60164,1.58248,1.7530399999999997,0.0,1.60164,1.58248,1.7530399999999997,0.0
266, '2013/1/7', '00:00:00.0',1.60751,1.61801,1.59928,1.61257,0.01886,0.0,1.58248,1.60164,1.58248,1.7530399999999997,0.0,1.60164,1.58248,1.7530399999999997,0.0
267, '2013/1/14', '00:00:00.0',1.61322,1.61547,1.58543,1.58653,0.01913,0.0,1.58248,1.60164,1.58248,1.7530399999999997,0.0,1.60164,1.58248,1.7530399999999997,0.0
268, '2013/1/21', '00:00:00.0',1.58484,1.58935,1.57459,1.58018,0.01885,0.0,1.58248,1.60164,1.58248,1.7530399999999997,-0.019159999999999844,1.60164,1.58248,1.7530399999999997,-0.019159999999999844
269, '2013/1/28', '00:00:00.0',1.57614,1.58785,1.56747,1.56985,0.01866,0.0,1.58248,1.57614,1.58248,1.56346,0.006340000000000012,1.57614,1.58248,1.56346,0.006340000000000012
270, '2013/2/4', '00:00:00.0',1.56937,1.58446,1.56308,1.57977,0.01875,0.0,1.58248,1.56937,1.58248,1.5431499999999996,0.013110000000000177,1.56937,1.58248,1.5431499999999996,0.013110000000000177
271, '2013/2/11', '00:00:00.0',1.58021,1.58101,1.54618,1.55161,0.01917,0.0,1.58248,1.58021,1.58248,1.5756699999999995,0.0022700000000002163,1.58021,1.58248,1.5756699999999995,0.0022700000000002163
272, '2013/2/18', '00:00:00.0',1.5505,1.55094,1.51323,1.51731,0.01942,0.0,1.58248,1.5505,1.58248,1.4865399999999998,0.03198000000000012,1.5505,1.58248,1.4865399999999998,0.03198000000000012
273, '2013/2/25', '00:00:00.0',1.50778,1.5222,1.49856,1.50424,0.01934,0.0,1.58248,1.50778,1.58248,1.3583799999999995,0.07470000000000021,1.50778,1.58248,1.3583799999999995,0.07470000000000021
274, '2013/3/4', '00:00:00.0',1.50435,1.51992,1.48853,1.49179,0.01987,0.0,1.58248,1.50435,1.58248,1.34809,0.07813000000000003,1.50435,1.58248,1.34809,0.07813000000000003
275, '2013/3/11', '00:00:00.0',1.49203,1.51765,1.48317,1.51135,0.02066,1.48248,1.48248,1.49203,1.48248,1.5111299999999999,0.019099999999999895,1.49203,1.48248,1.5111299999999999,0.019099999999999895
276, '2013/3/18', '00:00:00.0',1.5123,1.5248,1.50269,1.52299,0.02061,0.0,1.48248,1.5123,1.48248,1.57194,0.0,1.5123,1.48248,1.57194,0.0
277, '2013/3/25', '00:00:00.0',1.52351,1.52607,1.50931,1.52047,0.0207,0.0,1.48248,1.5123,1.48248,1.57194,0.0,1.5123,1.48248,1.57194,0.0
278, '2013/4/1', '00:00:00.0',1.51936,1.53636,1.50335,1.53416,0.0211,0.0,1.48248,1.5123,1.48248,1.57194,0.0,1.5123,1.48248,1.57194,0.0
279, '2013/4/8', '00:00:00.0',1.53194,1.54115,1.52391,1.5342,0.02069,0.0,1.48248,1.5123,1.48248,1.57194,0.0,1.5123,1.48248,1.57194,0.0
280, '2013/4/15', '00:00:00.0',1.53425,1.53852,1.52169,1.52311,0.02076,0.0,1.48248,1.5123,1.48248,1.57194,0.0,1.5123,1.48248,1.57194,0.0
281, '2013/4/22', '00:00:00.0',1.52325,1.5499,1.51968,1.5476,0.02124,0.0,1.48248,1.5123,1.48248,1.57194,0.0,1.5123,1.48248,1.57194,0.0
282, '2013/4/29', '00:00:00.0',1.54851,1.5607,1.54682,1.55679,0.0212,0.0,1.48248,1.5123,1.48248,1.57194,0.0,1.5123,1.48248,1.57194,0.0
283, '2013/5/6', '00:00:00.0',1.55693,1.55984,1.53142,1.53668,0.0216,0.0,1.48248,1.5123,1.48248,1.57194,0.0,1.5123,1.48248,1.57194,0.0
284, '2013/5/13', '00:00:00.0',1.53561,1.53851,1.51582,1.51702,0.02175,0.0,1.48248,1.5123,1.48248,1.57194,0.0,1.5123,1.48248,1.57194,0.0
285, '2013/5/20', '00:00:00.0',1.5192,1.52815,1.5014,1.51257,0.02187,0.0,1.48248,1.5123,1.48248,1.57194,0.0,1.5123,1.48248,1.57194,0.0
286, '2013/5/27', '00:00:00.0',1.5137,1.524,1.50081,1.51965,0.02208,1.50035,1.50035,1.5123,1.48248,1.57194,0.0,1.5123,1.48248,1.57194,0.0
287, '2013/6/3', '00:00:00.0',1.52085,1.56843,1.51928,1.5556,0.0232,0.0,1.50035,1.5123,1.50035,1.57194,0.0,1.5123,1.50035,1.57194,0.0
288, '2013/6/10', '00:00:00.0',1.55257,1.57376,1.5495,1.57019,0.02372,0.0,1.50035,1.5123,1.50035,1.57194,0.059639999999999915,1.5123,1.50035,1.57194,0.059639999999999915
289, '2013/6/17', '00:00:00.0',1.57328,1.57516,1.53683,1.54226,0.02443,0.0,1.50035,1.57328,1.50035,1.71914,0.0,1.57328,1.50035,1.71914,0.0
290, '2013/6/24', '00:00:00.0',1.53754,1.54781,1.51657,1.52098,0.02514,0.0,1.50035,1.57328,1.50035,1.71914,0.0,1.57328,1.50035,1.71914,0.0
291, '2013/7/1', '00:00:00.0',1.5205,1.53047,1.48586,1.48895,0.0262,0.0,1.50035,1.57328,1.50035,1.71914,-0.07292999999999994,1.57328,1.50035,1.71914,-0.07292999999999994
292, '2013/7/8', '00:00:00.0',1.48813,1.52224,1.48136,1.51049,0.02701,1.48055,1.48055,1.48813,1.48055,1.5032899999999998,0.01515999999999984,1.48813,1.48055,1.5032899999999998,0.01515999999999984
293, '2013/7/15', '00:00:00.0',1.51219,1.5282,1.50278,1.52671,0.02735,0.0,1.48055,1.51219,1.48055,1.5754699999999997,0.0,1.51219,1.48055,1.5754699999999997,0.0
294, '2013/7/22', '00:00:00.0',1.52705,1.54343,1.52585,1.53852,0.02747,0.0,1.48055,1.51219,1.48055,1.5754699999999997,0.0,1.51219,1.48055,1.5754699999999997,0.0
295, '2013/7/29', '00:00:00.0',1.53814,1.5414,1.51025,1.52889,0.02739,0.0,1.48055,1.51219,1.48055,1.5754699999999997,0.0,1.51219,1.48055,1.5754699999999997,0.0
296, '2013/8/5', '00:00:00.0',1.5293,1.55746,1.5206,1.55101,0.028,0.0,1.48055,1.51219,1.48055,1.5754699999999997,0.0,1.51219,1.48055,1.5754699999999997,0.0
297, '2013/8/12', '00:00:00.0',1.54948,1.56575,1.54225,1.56244,0.02778,0.0,1.48055,1.51219,1.48055,1.5754699999999997,0.0,1.51219,1.48055,1.5754699999999997,0.0
298, '2013/8/19', '00:00:00.0',1.56187,1.5718,1.55392,1.55667,0.02788,0.0,1.48055,1.51219,1.48055,1.5754699999999997,0.0,1.51219,1.48055,1.5754699999999997,0.0
299, '2013/8/26', '00:00:00.0',1.55643,1.56122,1.5428,1.55026,0.02782,0.0,1.48055,1.51219,1.48055,1.5754699999999997,0.0,1.51219,1.48055,1.5754699999999997,0.0
300, '2013/9/2', '00:00:00.0',1.55334,1.56807,1.5506,1.56297,0.0277,0.0,1.48055,1.51219,1.48055,1.5754699999999997,0.0,1.51219,1.48055,1.5754699999999997,0.0
301, '2013/9/9', '00:00:00.0',1.56186,1.5885,1.56186,1.58734,0.02742,0.0,1.48055,1.51219,1.48055,1.5754699999999997,0.06327999999999978,1.51219,1.48055,1.5754699999999997,0.06327999999999978
302, '2013/9/16', '00:00:00.0',1.59362,1.61633,1.58856,1.60059,0.02711,0.0,1.48055,1.59362,1.48055,1.81976,0.0,1.59362,1.48055,1.81976,0.0
303, '2013/9/23', '00:00:00.0',1.60062,1.61468,1.59554,1.61389,0.02696,0.0,1.48055,1.59362,1.48055,1.81976,0.0,1.59362,1.48055,1.81976,0.0
304, '2013/9/30', '00:00:00.0',1.61431,1.62604,1.60059,1.60093,0.02676,0.0,1.48055,1.59362,1.48055,1.81976,0.0,1.59362,1.48055,1.81976,0.0
305, '2013/10/7', '00:00:00.0',1.60235,1.61242,1.59142,1.59523,0.02631,0.0,1.48055,1.59362,1.48055,1.81976,0.0,1.59362,1.48055,1.81976,0.0
306, '2013/10/14', '00:00:00.0',1.59736,1.6225,1.58944,1.61678,0.02668,0.0,1.48055,1.59362,1.48055,1.81976,0.0,1.59362,1.48055,1.81976,0.0
307, '2013/10/21', '00:00:00.0',1.61751,1.6257,1.61159,1.61652,0.02659,0.0,1.48055,1.59362,1.48055,1.81976,0.0,1.59362,1.48055,1.81976,0.0
308, '2013/10/28', '00:00:00.0',1.61653,1.62082,1.59089,1.59238,0.02649,0.0,1.48055,1.59362,1.48055,1.81976,0.0,1.59362,1.48055,1.81976,0.0
309, '2013/11/4', '00:00:00.0',1.59262,1.61179,1.59037,1.60176,0.02663,0.0,1.48055,1.59362,1.48055,1.81976,0.0,1.59362,1.48055,1.81976,0.0
310, '2013/11/11', '00:00:00.0',1.60038,1.61354,1.58538,1.61178,0.02701,1.58482,1.58482,1.59362,1.48055,1.81976,0.0,1.59362,1.48055,1.81976,0.0
311, '2013/11/18', '00:00:00.0',1.6124,1.62255,1.60593,1.62241,0.02655,0.0,1.58482,1.59362,1.58482,1.81976,0.0,1.59362,1.58482,1.81976,0.0
312, '2013/11/25', '00:00:00.0',1.62256,1.63845,1.61334,1.63659,0.02693,0.0,1.58482,1.59362,1.58482,1.81976,0.0,1.59362,1.58482,1.81976,0.0
313, '2013/12/2', '00:00:00.0',1.63708,1.64431,1.62931,1.63477,0.02648,0.0,1.58482,1.59362,1.58482,1.81976,0.0,1.59362,1.58482,1.81976,0.0
314, '2013/12/9', '00:00:00.0',1.6346,1.64667,1.62628,1.62988,0.0264,0.0,1.58482,1.59362,1.58482,1.81976,0.0,1.59362,1.58482,1.81976,0.0
315, '2013/12/16', '00:00:00.0',1.62979,1.64853,1.62122,1.63334,0.02642,1.62068,1.62068,1.59362,1.58482,1.81976,0.0,1.59362,1.58482,1.81976,0.0
316, '2013/12/23', '00:00:00.0',1.63383,1.65781,1.63224,1.64799,0.0265,0.0,1.62068,1.59362,1.62068,1.81976,0.0,1.59362,1.62068,1.81976,0.0
317, '2013/12/30', '00:00:00.0',1.6485,1.66047,1.63954,1.64161,0.02556,0.0,1.62068,1.59362,1.62068,1.81976,0.0,1.59362,1.62068,1.81976,0.0
318, '2014/1/6', '00:00:00.0',1.63975,1.65172,1.63374,1.64852,0.02535,0.0,1.62068,1.59362,1.62068,1.81976,0.0,1.59362,1.62068,1.81976,0.0
319, '2014/1/13', '00:00:00.0',1.64859,1.65082,1.63094,1.64226,0.02474,1.63054,1.63054,1.59362,1.62068,1.81976,0.0,1.59362,1.62068,1.81976,0.0
320, '2014/1/20', '00:00:00.0',1.64182,1.66686,1.63956,1.64809,0.0246,0.0,1.63054,1.59362,1.63054,1.81976,0.0,1.59362,1.63054,1.81976,0.0
321, '2014/1/27', '00:00:00.0',1.65046,1.66259,1.64273,1.64383,0.02378,0.0,1.63054,1.59362,1.63054,1.81976,0.0,1.59362,1.63054,1.81976,0.0
322, '2014/2/3', '00:00:00.0',1.64209,1.6441,1.62522,1.64059,0.02305,1.62484,1.62484,1.59362,1.63054,1.81976,0.036920000000000064,1.59362,1.63054,1.81976,0.036920000000000064
323, '2014/2/10', '00:00:00.0',1.63997,1.67559,1.6383,1.67465,0.02344,0.0,1.62484,1.63997,1.62484,1.6702299999999997,0.03025999999999973,1.63997,1.62484,1.6702299999999997,0.03025999999999973
324, '2014/2/17', '00:00:00.0',1.67668,1.68229,1.6613,1.66162,0.02355,0.0,1.62484,1.67668,1.62484,1.7803599999999997,0.0,1.67668,1.62484,1.7803599999999997,0.0
325, '2014/2/24', '00:00:00.0',1.66275,1.67693,1.65835,1.6739,0.02314,0.0,1.62484,1.67668,1.62484,1.7803599999999997,0.0,1.67668,1.62484,1.7803599999999997,0.0
326, '2014/3/3', '00:00:00.0',1.67135,1.6786,1.66405,1.6716,0.02239,0.0,1.62484,1.67668,1.62484,1.7803599999999997,0.0,1.67668,1.62484,1.7803599999999997,0.0
327, '2014/3/10', '00:00:00.0',1.67254,1.67416,1.65684,1.6646,0.02219,0.0,1.62484,1.67668,1.62484,1.7803599999999997,0.0,1.67668,1.62484,1.7803599999999997,0.0
328, '2014/3/17', '00:00:00.0',1.66373,1.66662,1.64756,1.64848,0.02222,0.0,1.62484,1.67668,1.62484,1.7803599999999997,0.0,1.67668,1.62484,1.7803599999999997,0.0
329, '2014/3/24', '00:00:00.0',1.64617,1.66515,1.64608,1.66395,0.02225,1.64569,1.64569,1.67668,1.62484,1.7803599999999997,0.0,1.67668,1.62484,1.7803599999999997,0.0
330, '2014/3/31', '00:00:00.0',1.66583,1.66843,1.65544,1.65773,0.02209,0.0,1.64569,1.67668,1.64569,1.7803599999999997,0.0,1.67668,1.64569,1.7803599999999997,0.0
331, '2014/4/7', '00:00:00.0',1.65759,1.68207,1.65655,1.67315,0.02205,0.0,1.64569,1.67668,1.64569,1.7803599999999997,0.0,1.67668,1.64569,1.7803599999999997,0.0
332, '2014/4/14', '00:00:00.0',1.67295,1.68423,1.66597,1.679,0.02169,0.0,1.64569,1.67668,1.64569,1.7803599999999997,0.0,1.67668,1.64569,1.7803599999999997,0.0
333, '2014/4/21', '00:00:00.0',1.68002,1.68396,1.67623,1.68022,0.02131,0.0,1.64569,1.67668,1.64569,1.7803599999999997,0.0,1.67668,1.64569,1.7803599999999997,0.0
334, '2014/4/28', '00:00:00.0',1.68049,1.69227,1.67776,1.6876,0.02095,0.0,1.64569,1.67668,1.64569,1.7803599999999997,0.0,1.67668,1.64569,1.7803599999999997,0.0
335, '2014/5/5', '00:00:00.0',1.6887,1.69965,1.68322,1.68498,0.02079,0.0,1.64569,1.67668,1.64569,1.7803599999999997,0.0,1.67668,1.64569,1.7803599999999997,0.0
336, '2014/5/12', '00:00:00.0',1.68458,1.69034,1.67315,1.68135,0.02026,0.0,1.64569,1.67668,1.64569,1.7803599999999997,0.0,1.67668,1.64569,1.7803599999999997,0.0
337, '2014/5/19', '00:00:00.0',1.68148,1.69221,1.6802,1.68327,0.02019,0.0,1.64569,1.67668,1.64569,1.7803599999999997,0.0,1.67668,1.64569,1.7803599999999997,0.0
338, '2014/5/26', '00:00:00.0',1.68394,1.68823,1.66929,1.67571,0.01983,1.66891,1.66891,1.67668,1.64569,1.7803599999999997,0.0,1.67668,1.64569,1.7803599999999997,0.0
339, '2014/6/2', '00:00:00.0',1.67675,1.68453,1.66989,1.68005,0.0196,0.0,1.66891,1.67668,1.66891,1.7803599999999997,0.0,1.67668,1.66891,1.7803599999999997,0.0
340, '2014/6/9', '00:00:00.0',1.68067,1.6992,1.67378,1.69638,0.01951,0.0,1.66891,1.67668,1.66891,1.7803599999999997,0.0,1.67668,1.66891,1.7803599999999997,0.0
341, '2014/6/16', '00:00:00.0',1.69746,1.70629,1.69228,1.70143,0.01942,0.0,1.66891,1.67668,1.66891,1.7803599999999997,0.0,1.67668,1.66891,1.7803599999999997,0.0
342, '2014/6/23', '00:00:00.0',1.70155,1.70517,1.69525,1.70339,0.01892,0.0,1.66891,1.67668,1.66891,1.7803599999999997,0.0,1.67668,1.66891,1.7803599999999997,0.0
343, '2014/6/30', '00:00:00.0',1.70342,1.71797,1.70089,1.716,0.01899,0.0,1.66891,1.67668,1.66891,1.7803599999999997,0.0,1.67668,1.66891,1.7803599999999997,0.0
344, '2014/7/7', '00:00:00.0',1.7167,1.71681,1.70855,1.7123,0.01858,0.0,1.66891,1.67668,1.66891,1.7803599999999997,0.0,1.67668,1.66891,1.7803599999999997,0.0
345, '2014/7/14', '00:00:00.0',1.71225,1.71922,1.70365,1.70849,0.01819,0.0,1.66891,1.67668,1.66891,1.7803599999999997,0.0,1.67668,1.66891,1.7803599999999997,0.0
346, '2014/7/21', '00:00:00.0',1.70861,1.70996,1.69613,1.69765,0.0178,0.0,1.66891,1.67668,1.66891,1.7803599999999997,0.0,1.67668,1.66891,1.7803599999999997,0.0
347, '2014/7/28', '00:00:00.0',1.69791,1.70011,1.68134,1.68259,0.01773,0.0,1.66891,1.67668,1.66891,1.7803599999999997,0.0,1.67668,1.66891,1.7803599999999997,0.0
348, '2014/8/4', '00:00:00.0',1.68262,1.68887,1.67669,1.67759,0.01753,0.0,1.66891,1.67668,1.66891,1.7803599999999997,0.0,1.67668,1.66891,1.7803599999999997,0.0
349, '2014/8/11', '00:00:00.0',1.6778,1.68454,1.66576,1.66926,0.0175,0.0,1.66891,1.67668,1.66891,1.7803599999999997,-0.007770000000000055,1.67668,1.66891,1.7803599999999997,-0.007770000000000055
350, '2014/8/18', '00:00:00.0',1.6733,1.67375,1.65614,1.6571,0.01718,0.0,1.66891,1.6733,1.66891,1.6820800000000002,-0.004390000000000116,1.6733,1.66891,1.6820800000000002,-0.004390000000000116
351, '2014/8/25', '00:00:00.0',1.65575,1.66137,1.65364,1.6599,0.01677,0.0,1.66891,1.65575,1.66891,1.6294300000000004,0.013159999999999838,1.65575,1.66891,1.6294300000000004,0.013159999999999838
352, '2014/9/1', '00:00:00.0',1.65945,1.66441,1.62821,1.63266,0.01735,0.0,1.66891,1.65945,1.66891,1.6405300000000005,0.009459999999999802,1.65945,1.66891,1.6405300000000005,0.009459999999999802
353, '2014/9/8', '00:00:00.0',1.61812,1.62775,1.6052,1.62667,0.01702,1.60474,1.60474,1.61812,1.60474,1.64488,0.0,1.61812,1.60474,1.64488,0.0
354, '2014/9/15', '00:00:00.0',1.6275,1.65251,1.61622,1.6287,0.01753,0.0,1.60474,1.61812,1.60474,1.64488,0.026759999999999895,1.61812,1.60474,1.64488,0.026759999999999895
355, '2014/9/22', '00:00:00.0',1.63074,1.64157,1.62379,1.62413,0.0175,0.0,1.60474,1.63074,1.60474,1.6827400000000001,0.0,1.63074,1.60474,1.6827400000000001,0.0
356, '2014/9/29', '00:00:00.0',1.62378,1.62875,1.5952,1.59645,0.01814,0.0,1.60474,1.63074,1.60474,1.6827400000000001,-0.026000000000000023,1.63074,1.60474,1.6827400000000001,-0.026000000000000023
357, '2014/10/6', '00:00:00.0',1.59596,1.62268,1.59543,1.6076,0.01847,0.0,1.60474,1.59596,1.60474,1.5784,0.00878000000000001,1.59596,1.60474,1.5784,0.00878000000000001
358, '2014/10/13', '00:00:00.0',1.60742,1.61267,1.5875,1.60909,0.01867,0.0,1.60474,1.60742,1.60474,1.61278,-0.0026800000000000157,1.60742,1.60474,1.61278,-0.0026800000000000157
359, '2014/10/20', '00:00:00.0',1.61055,1.61844,1.59947,1.60886,0.01867,0.0,1.60474,1.61055,1.60474,1.6221699999999997,-0.005809999999999871,1.61055,1.60474,1.6221699999999997,-0.005809999999999871
360, '2014/10/27', '00:00:00.0',1.6082,1.61827,1.59421,1.59968,0.01904,0.0,1.60474,1.6082,1.60474,1.6151200000000001,-0.0034600000000000186,1.6082,1.60474,1.6151200000000001,-0.0034600000000000186
361, '2014/11/3', '00:00:00.0',1.59646,1.60267,1.57904,1.58732,0.01898,0.0,1.60474,1.59646,1.60474,1.5798999999999999,0.008280000000000065,1.59646,1.60474,1.5798999999999999,0.008280000000000065
362, '2014/11/10', '00:00:00.0',1.58833,1.59452,1.5593,1.56685,0.01954,0.0,1.60474,1.58833,1.60474,1.55551,0.016410000000000036,1.58833,1.60474,1.55551,0.016410000000000036
363, '2014/11/17', '00:00:00.0',1.5686,1.57379,1.559,1.5655,0.01978,0.0,1.60474,1.5686,1.60474,1.4963199999999999,0.03614000000000006,1.5686,1.60474,1.4963199999999999,0.03614000000000006
364, '2014/11/24', '00:00:00.0',1.56371,1.58261,1.56142,1.56531,0.02,0.0,1.60474,1.56371,1.60474,1.4816499999999997,0.04103000000000012,1.56371,1.60474,1.4816499999999997,0.04103000000000012
365, '2014/12/1', '00:00:00.0',1.56497,1.57642,1.55683,1.55847,0.0201,0.0,1.60474,1.56497,1.60474,1.4854299999999998,0.03977000000000008,1.56497,1.60474,1.4854299999999998,0.03977000000000008
366, '2014/12/8', '00:00:00.0',1.5574,1.57573,1.55415,1.57217,0.02025,0.0,1.60474,1.5574,1.60474,1.4627199999999996,0.04734000000000016,1.5574,1.60474,1.4627199999999996,0.04734000000000016
367, '2014/12/15', '00:00:00.0',1.57248,1.57863,1.554,1.56275,0.02067,0.0,1.60474,1.57248,1.60474,1.5079600000000002,0.032259999999999955,1.57248,1.60474,1.5079600000000002,0.032259999999999955
368, '2014/12/22', '00:00:00.0',1.56278,1.56655,1.54861,1.55586,0.02064,0.0,1.60474,1.56278,1.60474,1.47886,0.04196,1.56278,1.60474,1.47886,0.04196
369, '2014/12/29', '00:00:00.0',1.5565,1.56205,1.53264,1.53277,0.02113,0.0,1.60474,1.5565,1.60474,1.4600199999999999,0.04824000000000006,1.5565,1.60474,1.4600199999999999,0.04824000000000006
370, '2015/1/5', '00:00:00.0',1.53044,1.53202,1.50344,1.51581,0.02126,0.0,1.60474,1.53044,1.60474,1.38184,0.07430000000000003,1.53044,1.60474,1.38184,0.07430000000000003
371, '2015/1/12', '00:00:00.0',1.51786,1.52695,1.50751,1.51383,0.02144,0.0,1.60474,1.51786,1.60474,1.3440999999999999,0.08688000000000007,1.51786,1.60474,1.3440999999999999,0.08688000000000007
372, '2015/1/19', '00:00:00.0',1.51332,1.52128,1.49514,1.49921,0.02198,1.49461,1.49461,1.51332,1.49461,1.55074,0.0,1.51332,1.49461,1.55074,0.0
373, '2015/1/26', '00:00:00.0',1.50131,1.52239,1.49874,1.50533,0.0222,0.0,1.49461,1.51332,1.49461,1.55074,0.0,1.51332,1.49461,1.55074,0.0
374, '2015/2/2', '00:00:00.0',1.50991,1.53523,1.49883,1.52492,0.02314,0.0,1.49461,1.51332,1.49461,1.55074,0.0,1.51332,1.49461,1.55074,0.0
375, '2015/2/9', '00:00:00.0',1.5227,1.54223,1.51967,1.53953,0.02337,0.0,1.49461,1.51332,1.49461,1.55074,0.0,1.51332,1.49461,1.55074,0.0
376, '2015/2/16', '00:00:00.0',1.54259,1.54804,1.53163,1.54008,0.02346,0.0,1.49461,1.51332,1.49461,1.55074,0.0,1.51332,1.49461,1.55074,0.0
377, '2015/2/23', '00:00:00.0',1.53972,1.55525,1.53327,1.54349,0.02356,0.0,1.49461,1.51332,1.49461,1.55074,0.03742000000000001,1.51332,1.49461,1.55074,0.03742000000000001
378, '2015/3/2', '00:00:00.0',1.54222,1.54291,1.5032,1.50364,0.0245,0.0,1.49461,1.54222,1.49461,1.6374399999999998,0.0,1.54222,1.49461,1.6374399999999998,0.0
379, '2015/3/9', '00:00:00.0',1.50378,1.51375,1.46993,1.47417,0.02534,0.0,1.49461,1.54222,1.49461,1.6374399999999998,-0.04760999999999993,1.54222,1.49461,1.6374399999999998,-0.04760999999999993
380, '2015/3/16', '00:00:00.0',1.4752,1.51713,1.46346,1.49556,0.02654,0.0,1.49461,1.4752,1.49461,1.4363800000000002,0.019409999999999927,1.4752,1.49461,1.4363800000000002,0.019409999999999927
381, '2015/3/23', '00:00:00.0',1.49724,1.49946,1.4797,1.48737,0.02694,0.0,1.49461,1.49724,1.49461,1.5024999999999997,-0.00262999999999991,1.49724,1.49461,1.5024999999999997,-0.00262999999999991
382, '2015/3/30', '00:00:00.0',1.48873,1.49449,1.47398,1.49212,0.02642,0.0,1.49461,1.48873,1.49461,1.4769700000000003,0.005879999999999885,1.48873,1.49461,1.4769700000000003,0.005879999999999885
383, '2015/4/6', '00:00:00.0',1.49242,1.49815,1.45873,1.46327,0.02681,0.0,1.49461,1.49242,1.49461,1.4880400000000003,0.0021899999999999142,1.49242,1.49461,1.4880400000000003,0.0021899999999999142
384, '2015/4/13', '00:00:00.0',1.46215,1.50536,1.45661,1.49648,0.02723,1.45564,1.45564,1.46215,1.45564,1.47517,0.013020000000000032,1.46215,1.45564,1.47517,0.013020000000000032
385, '2015/4/20', '00:00:00.0',1.49626,1.51884,1.48566,1.51877,0.02774,0.0,1.45564,1.49626,1.45564,1.5774999999999997,0.0,1.49626,1.45564,1.5774999999999997,0.0
386, '2015/4/27', '00:00:00.0',1.51775,1.54989,1.51072,1.51373,0.02793,0.0,1.45564,1.49626,1.45564,1.5774999999999997,0.0,1.49626,1.45564,1.5774999999999997,0.0
387, '2015/5/4', '00:00:00.0',1.51477,1.55228,1.50891,1.54404,0.02847,0.0,1.45564,1.49626,1.45564,1.5774999999999997,0.0,1.49626,1.45564,1.5774999999999997,0.0
388, '2015/5/11', '00:00:00.0',1.54471,1.58165,1.53934,1.57274,0.02904,0.0,1.45564,1.49626,1.45564,1.5774999999999997,0.08123999999999976,1.49626,1.45564,1.5774999999999997,0.08123999999999976
389, '2015/5/18', '00:00:00.0',1.57448,1.5746,1.5447,1.54843,0.0294,0.0,1.45564,1.57448,1.45564,1.8121600000000002,0.0,1.57448,1.45564,1.8121600000000002,0.0
390, '2015/5/25', '00:00:00.0',1.54772,1.55079,1.52364,1.52912,0.02951,0.0,1.45564,1.57448,1.45564,1.8121600000000002,0.0,1.57448,1.45564,1.8121600000000002,0.0
391, '2015/6/1', '00:00:00.0',1.52963,1.54416,1.51704,1.52676,0.02962,1.51649,1.51649,1.57448,1.45564,1.8121600000000002,0.0,1.57448,1.45564,1.8121600000000002,0.0
392, '2015/6/8', '00:00:00.0',1.52583,1.55981,1.52214,1.55581,0.0297,0.0,1.51649,1.57448,1.51649,1.8121600000000002,0.0,1.57448,1.51649,1.8121600000000002,0.0
393, '2015/6/15', '00:00:00.0',1.55481,1.5931,1.54876,1.58775,0.03069,0.0,1.51649,1.57448,1.51649,1.8121600000000002,0.0,1.57448,1.51649,1.8121600000000002,0.0
394, '2015/6/22', '00:00:00.0',1.58775,1.59101,1.56675,1.575,0.03079,0.0,1.51649,1.57448,1.51649,1.8121600000000002,0.0,1.57448,1.51649,1.8121600000000002,0.0
395, '2015/6/29', '00:00:00.0',1.56912,1.57893,1.5559,1.55682,0.03091,0.0,1.51649,1.57448,1.51649,1.8121600000000002,0.0,1.57448,1.51649,1.8121600000000002,0.0
396, '2015/7/6', '00:00:00.0',1.55489,1.56286,1.53303,1.55185,0.03118,1.53243,1.53243,1.57448,1.51649,1.8121600000000002,0.0,1.57448,1.51649,1.8121600000000002,0.0
397, '2015/7/13', '00:00:00.0',1.55002,1.56758,1.5451,1.5605,0.03111,0.0,1.53243,1.57448,1.53243,1.8121600000000002,0.0,1.57448,1.53243,1.8121600000000002,0.0
398, '2015/7/20', '00:00:00.0',1.56053,1.5671,1.54669,1.5512,0.03119,0.0,1.53243,1.57448,1.53243,1.8121600000000002,0.0,1.57448,1.53243,1.8121600000000002,0.0
399, '2015/7/27', '00:00:00.0',1.55152,1.56899,1.54905,1.56207,0.03088,0.0,1.53243,1.57448,1.53243,1.8121600000000002,0.0,1.57448,1.53243,1.8121600000000002,0.0
400, '2015/8/3', '00:00:00.0',1.56347,1.5652,1.54247,1.5494,0.03066,1.54202,1.54202,1.57448,1.53243,1.8121600000000002,0.0,1.57448,1.53243,1.8121600000000002,0.0
401, '2015/8/10', '00:00:00.0',1.54915,1.56602,1.54584,1.56505,0.03068,0.0,1.54202,1.57448,1.54202,1.8121600000000002,0.0,1.57448,1.54202,1.8121600000000002,0.0
402, '2015/8/17', '00:00:00.0',1.56538,1.57234,1.55625,1.5695,0.03035,0.0,1.54202,1.57448,1.54202,1.8121600000000002,0.0,1.57448,1.54202,1.8121600000000002,0.0
403, '2015/8/24', '00:00:00.0',1.56791,1.58188,1.53354,1.53918,0.03117,0.0,1.54202,1.57448,1.54202,1.8121600000000002,-0.032460000000000155,1.57448,1.54202,1.8121600000000002,-0.032460000000000155
404, '2015/8/31', '00:00:00.0',1.54141,1.5437,1.51639,1.51699,0.03087,1.51585,1.51585,1.54141,1.51585,1.59253,0.0,1.54141,1.51585,1.59253,0.0
405, '2015/9/7', '00:00:00.0',1.51801,1.54764,1.51717,1.54288,0.03113,0.0,1.51585,1.54141,1.51585,1.59253,0.0,1.54141,1.51585,1.59253,0.0
406, '2015/9/14', '00:00:00.0',1.54325,1.56589,1.53299,1.5526,0.03168,0.0,1.51585,1.54141,1.51585,1.59253,0.0,1.54141,1.51585,1.59253,0.0
407, '2015/9/21', '00:00:00.0',1.55275,1.5568,1.51356,1.51797,0.03239,0.0,1.51585,1.54141,1.51585,1.59253,-0.025560000000000027,1.54141,1.51585,1.59253,-0.025560000000000027
408, '2015/9/28', '00:00:00.0',1.51935,1.52415,1.51074,1.51797,0.0315,1.51047,1.51047,1.51935,1.51585,1.53711,-0.0035000000000000586,1.51935,1.51585,1.52635,-0.0035000000000000586
409, '2015/10/5', '00:00:00.0',1.51981,1.53837,1.51366,1.53127,0.03086,0.0,1.51047,1.51981,1.51047,1.5384900000000004,0.0,1.51981,1.51047,1.5384900000000004,0.0
410, '2015/10/12', '00:00:00.0',1.5319,1.5509,1.52004,1.54394,0.0301,0.0,1.51047,1.51981,1.51047,1.5384900000000004,0.018680000000000252,1.51981,1.51047,1.5384900000000004,0.018680000000000252
411, '2015/10/19', '00:00:00.0',1.54429,1.55118,1.53067,1.53127,0.03013,0.0,1.51047,1.54429,1.51047,1.6119299999999999,0.0,1.54429,1.51047,1.6119299999999999,0.0
412, '2015/10/26', '00:00:00.0',1.53193,1.54679,1.52426,1.54288,0.03019,0.0,1.51047,1.54429,1.51047,1.6119299999999999,0.0,1.54429,1.51047,1.6119299999999999,0.0
413, '2015/11/2', '00:00:00.0',1.54515,1.54973,1.50271,1.50476,0.03045,1.50177,1.50177,1.54429,1.51047,1.6119299999999999,-0.03381999999999996,1.54429,1.51047,1.6119299999999999,-0.03381999999999996
414, '2015/11/9', '00:00:00.0',1.5053,1.52663,1.5042,1.52343,0.02957,0.0,1.50177,1.5053,1.50177,1.5123600000000001,0.007060000000000066,1.5053,1.50177,1.5123600000000001,0.007060000000000066
415, '2015/11/16', '00:00:00.0',1.52301,1.53357,1.51547,1.51926,0.02907,0.0,1.50177,1.52301,1.50177,1.5654899999999998,0.0,1.52301,1.50177,1.5654899999999998,0.0
416, '2015/11/23', '00:00:00.0',1.51885,1.51968,1.50306,1.50331,0.02831,0.0,1.50177,1.52301,1.50177,1.5654899999999998,0.0,1.52301,1.50177,1.5654899999999998,0.0
417, '2015/11/30', '00:00:00.0',1.5036,1.51592,1.48951,1.51112,0.02775,0.0,1.50177,1.52301,1.50177,1.5654899999999998,-0.021239999999999926,1.52301,1.50177,1.5654899999999998,-0.021239999999999926
418, '2015/12/7', '00:00:00.0',1.51105,1.52403,1.49569,1.52241,0.02728,0.0,1.50177,1.51105,1.50177,1.52961,-0.009279999999999955,1.51105,1.50177,1.52961,-0.009279999999999955
419, '2015/12/14', '00:00:00.0',1.52298,1.52327,1.48652,1.48921,0.02751,0.0,1.50177,1.52298,1.50177,1.5654,-0.02120999999999995,1.52298,1.50177,1.5654,-0.02120999999999995
420, '2015/12/21', '00:00:00.0',1.49056,1.4945,1.48058,1.49282,0.02707,0.0,1.50177,1.49056,1.50177,1.4681400000000002,0.011209999999999942,1.49056,1.50177,1.4681400000000002,0.011209999999999942
421, '2015/12/28', '00:00:00.0',1.49114,1.49357,1.47324,1.47373,0.02684,0.0,1.50177,1.49114,1.50177,1.4698799999999996,0.01063000000000014,1.49114,1.50177,1.4698799999999996,0.01063000000000014
422, '2016/1/4', '00:00:00.0',1.47381,1.48164,1.45065,1.45225,0.02662,0.0,1.50177,1.47381,1.50177,1.41789,0.027959999999999985,1.47381,1.50177,1.41789,0.027959999999999985
423, '2016/1/11', '00:00:00.0',1.4528,1.46044,1.42519,1.4259,0.02632,0.0,1.50177,1.4528,1.50177,1.3548600000000002,0.04896999999999996,1.4528,1.50177,1.3548600000000002,0.04896999999999996
424, '2016/1/18', '00:00:00.0',1.42559,1.43629,1.40796,1.42664,0.02645,1.40739,1.40739,1.42559,1.40739,1.46199,0.0,1.42559,1.40739,1.46199,0.0
425, '2016/1/25', '00:00:00.0',1.4268,1.44134,1.41497,1.4245,0.02657,0.0,1.40739,1.42559,1.40739,1.46199,0.0,1.42559,1.40739,1.46199,0.0
426, '2016/2/1', '00:00:00.0',1.42525,1.46688,1.42286,1.45012,0.02704,0.0,1.40739,1.42559,1.40739,1.46199,0.03639999999999999,1.42559,1.40739,1.46199,0.03639999999999999
427, '2016/2/8', '00:00:00.0',1.44963,1.45785,1.4351,1.4505,0.02705,0.0,1.40739,1.44963,1.40739,1.53411,0.0,1.44963,1.40739,1.53411,0.0
428, '2016/2/15', '00:00:00.0',1.451,1.45358,1.42353,1.4403,0.02737,0.0,1.40739,1.44963,1.40739,1.53411,0.0,1.44963,1.40739,1.53411,0.0
429, '2016/2/22', '00:00:00.0',1.42792,1.43072,1.38539,1.38725,0.02853,0.0,1.40739,1.44963,1.40739,1.53411,-0.042240000000000055,1.44963,1.40739,1.53411,-0.042240000000000055
430, '2016/2/29', '00:00:00.0',1.38582,1.42488,1.38358,1.4228,0.02915,0.0,1.40739,1.38582,1.40739,1.3426800000000003,0.021569999999999867,1.38582,1.40739,1.3426800000000003,0.021569999999999867
431, '2016/3/7', '00:00:00.0',1.4218,1.44366,1.41179,1.43844,0.02954,0.0,1.40739,1.4218,1.40739,1.45062,0.0,1.4218,1.40739,1.45062,0.0
432, '2016/3/14', '00:00:00.0',1.43777,1.45145,1.40531,1.44791,0.03055,0.0,1.40739,1.4218,1.40739,1.45062,-0.014410000000000034,1.4218,1.40739,1.45062,-0.014410000000000034
433, '2016/3/21', '00:00:00.0',1.44427,1.44682,1.40574,1.41387,0.03034,0.0,1.40739,1.44427,1.40739,1.51803,-0.036880000000000024,1.44427,1.40739,1.51803,-0.036880000000000024
434, '2016/3/28', '00:00:00.0',1.41307,1.44594,1.41205,1.42275,0.03056,0.0,1.40739,1.41307,1.40739,1.4244300000000003,0.011360000000000259,1.41307,1.40739,1.4244300000000003,0.011360000000000259
435, '2016/4/4', '00:00:00.0',1.42253,1.43217,1.40056,1.4126,0.03059,1.39992,1.39992,1.42253,1.40739,1.46775,-0.015140000000000153,1.42253,1.40739,1.4528100000000004,-0.015140000000000153
436, '2016/4/11', '00:00:00.0',1.41148,1.43482,1.40904,1.42024,0.03035,0.0,1.39992,1.41148,1.39992,1.4346,0.02312000000000003,1.41148,1.39992,1.4346,0.02312000000000003
437, '2016/4/18', '00:00:00.0',1.42028,1.4452,1.41315,1.44076,0.02998,0.0,1.39992,1.42028,1.39992,1.4609999999999999,0.0,1.42028,1.39992,1.4609999999999999,0.0
438, '2016/4/25', '00:00:00.0',1.44676,1.46707,1.44031,1.46095,0.03043,0.0,1.39992,1.42028,1.39992,1.4609999999999999,0.04071999999999987,1.42028,1.39992,1.4609999999999999,0.04071999999999987
439, '2016/5/2', '00:00:00.0',1.45881,1.47699,1.44151,1.44293,0.03078,0.0,1.39992,1.45881,1.39992,1.5765899999999997,0.0,1.45881,1.39992,1.5765899999999997,0.0
440, '2016/5/9', '00:00:00.0',1.44154,1.45309,1.43405,1.43577,0.03039,0.0,1.39992,1.45881,1.39992,1.5765899999999997,0.0,1.45881,1.39992,1.5765899999999997,0.0
441, '2016/5/16', '00:00:00.0',1.43514,1.46642,1.43327,1.4503,0.03081,0.0,1.39992,1.45881,1.39992,1.5765899999999997,0.0,1.45881,1.39992,1.5765899999999997,0.0
442, '2016/5/23', '00:00:00.0',1.45044,1.47397,1.44424,1.46204,0.03105,0.0,1.39992,1.45881,1.39992,1.5765899999999997,0.0,1.45881,1.39992,1.5765899999999997,0.0
443, '2016/5/30', '00:00:00.0',1.46088,1.47255,1.43864,1.45148,0.03061,0.0,1.39992,1.45881,1.39992,1.5765899999999997,0.0,1.45881,1.39992,1.5765899999999997,0.0
444, '2016/6/6', '00:00:00.0',1.44669,1.46628,1.41805,1.42552,0.03148,0.0,1.39992,1.45881,1.39992,1.5765899999999997,0.0,1.45881,1.39992,1.5765899999999997,0.0
445, '2016/6/13', '00:00:00.0',1.42698,1.43881,1.40128,1.43544,0.03212,0.0,1.39992,1.45881,1.39992,1.5765899999999997,0.0,1.45881,1.39992,1.5765899999999997,0.0
446, '2016/6/20', '00:00:00.0',1.44735,1.50188,1.32289,1.368,0.03753,0.0,1.39992,1.45881,1.39992,1.5765899999999997,-0.05888999999999989,1.45881,1.39992,1.5765899999999997,-0.05888999999999989
447, '2016/6/27', '00:00:00.0',1.34255,1.35338,1.31204,1.32631,0.03852,0.0,1.39992,1.34255,1.39992,1.2278099999999996,0.05737000000000014,1.34255,1.39992,1.2278099999999996,0.05737000000000014
448, '2016/7/4', '00:00:00.0',1.32499,1.33416,1.27942,1.29495,0.0394,1.27833,1.27833,1.32499,1.27833,1.4183099999999997,0.0,1.32499,1.27833,1.4183099999999997,0.0
449, '2016/7/11', '00:00:00.0',1.2951,1.34808,1.28508,1.31847,0.04027,0.0,1.27833,1.32499,1.27833,1.4183099999999997,0.0,1.32499,1.27833,1.4183099999999997,0.0
450, '2016/7/18', '00:00:00.0',1.31966,1.33153,1.30652,1.31128,0.04064,0.0,1.27833,1.32499,1.27833,1.4183099999999997,0.0,1.32499,1.27833,1.4183099999999997,0.0
451, '2016/7/25', '00:00:00.0',1.31466,1.33019,1.30571,1.32301,0.04078,0.0,1.27833,1.32499,1.27833,1.4183099999999997,0.0,1.32499,1.27833,1.4183099999999997,0.0
452, '2016/8/1', '00:00:00.0',1.32289,1.33722,1.30214,1.30703,0.04092,0.0,1.27833,1.32499,1.27833,1.4183099999999997,0.0,1.32499,1.27833,1.4183099999999997,0.0
453, '2016/8/8', '00:00:00.0',1.30795,1.30969,1.29039,1.29194,0.04039,0.0,1.27833,1.32499,1.27833,1.4183099999999997,0.0,1.32499,1.27833,1.4183099999999997,0.0
454, '2016/8/15', '00:00:00.0',1.29271,1.31857,1.28657,1.30763,0.04051,1.28593,1.28593,1.32499,1.27833,1.4183099999999997,0.0,1.32499,1.27833,1.4183099999999997,0.0
455, '2016/8/22', '00:00:00.0',1.3057,1.32795,1.30345,1.31325,0.04045,0.0,1.28593,1.32499,1.28593,1.4183099999999997,0.0,1.32499,1.28593,1.4183099999999997,0.0
456, '2016/8/29', '00:00:00.0',1.31119,1.33527,1.30596,1.32955,0.03996,0.0,1.28593,1.32499,1.28593,1.4183099999999997,0.0,1.32499,1.28593,1.4183099999999997,0.0
457, '2016/9/5', '00:00:00.0',1.33011,1.34455,1.32396,1.32675,0.03989,0.0,1.28593,1.32499,1.28593,1.4183099999999997,0.0,1.32499,1.28593,1.4183099999999997,0.0
458, '2016/9/12', '00:00:00.0',1.32696,1.33479,1.29975,1.30002,0.04005,0.0,1.28593,1.32499,1.28593,1.4183099999999997,0.0,1.32499,1.28593,1.4183099999999997,0.0
459, '2016/9/19', '00:00:00.0',1.30015,1.31209,1.2915,1.29647,0.03891,0.0,1.28593,1.32499,1.28593,1.4183099999999997,0.0,1.32499,1.28593,1.4183099999999997,0.0
460, '2016/9/26', '00:00:00.0',1.29684,1.30588,1.29165,1.2978,0.03801,0.0,1.28593,1.32499,1.28593,1.4183099999999997,0.0,1.32499,1.28593,1.4183099999999997,0.0
461, '2016/10/3', '00:00:00.0',1.29194,1.29467,1.19735,1.24355,0.04029,1.1954,1.1954,1.32499,1.28593,1.4183099999999997,-0.03905999999999987,1.32499,1.28593,1.4183099999999997,-0.03905999999999987
462, '2016/10/10', '00:00:00.0',1.23958,1.24445,1.20893,1.21838,0.03994,0.0,1.1954,1.23958,1.1954,1.3279399999999997,0.0,1.23958,1.1954,1.3279399999999997,0.0
463, '2016/10/17', '00:00:00.0',1.21519,1.23326,1.21361,1.22336,0.03919,0.0,1.1954,1.23958,1.1954,1.3279399999999997,0.0,1.23958,1.1954,1.3279399999999997,0.0
464, '2016/10/24', '00:00:00.0',1.22219,1.22724,1.20826,1.21901,0.03869,1.20788,1.20788,1.23958,1.1954,1.3279399999999997,0.0,1.23958,1.1954,1.3279399999999997,0.0
465, '2016/10/31', '00:00:00.0',1.21781,1.25574,1.2144,1.25182,0.03901,0.0,1.20788,1.23958,1.20788,1.3279399999999997,0.0,1.23958,1.20788,1.3279399999999997,0.0
466, '2016/11/7', '00:00:00.0',1.24538,1.26737,1.23533,1.26042,0.03922,0.0,1.20788,1.23958,1.20788,1.3279399999999997,0.0,1.23958,1.20788,1.3279399999999997,0.0
467, '2016/11/14', '00:00:00.0',1.257,1.25946,1.2302,1.23517,0.03916,0.0,1.20788,1.23958,1.20788,1.3279399999999997,0.0,1.23958,1.20788,1.3279399999999997,0.0
468, '2016/11/21', '00:00:00.0',1.23472,1.2513,1.23126,1.24806,0.03894,0.0,1.20788,1.23958,1.20788,1.3279399999999997,0.0,1.23958,1.20788,1.3279399999999997,0.0
469, '2016/11/28', '00:00:00.0',1.248,1.27376,1.2386,1.27299,0.03893,0.0,1.20788,1.23958,1.20788,1.3279399999999997,0.0,1.23958,1.20788,1.3279399999999997,0.0
470, '2016/12/5', '00:00:00.0',1.2686,1.2775,1.25488,1.25754,0.03905,0.0,1.20788,1.23958,1.20788,1.3279399999999997,0.0,1.23958,1.20788,1.3279399999999997,0.0
471, '2016/12/12', '00:00:00.0',1.25742,1.27283,1.2376,1.24861,0.03912,0.0,1.20788,1.23958,1.20788,1.3279399999999997,0.0,1.23958,1.20788,1.3279399999999997,0.0
472, '2016/12/19', '00:00:00.0',1.24811,1.25023,1.22288,1.22846,0.03904,0.0,1.20788,1.23958,1.20788,1.3279399999999997,0.0,1.23958,1.20788,1.3279399999999997,0.0
473, '2016/12/26', '00:00:00.0',1.22758,1.23882,1.22008,1.23385,0.03853,0.0,1.20788,1.23958,1.20788,1.3279399999999997,0.0,1.23958,1.20788,1.3279399999999997,0.0
474, '2017/1/2', '00:00:00.0',1.23454,1.24329,1.21992,1.22855,0.0377,0.0,1.20788,1.23958,1.20788,1.3279399999999997,0.0,1.23958,1.20788,1.3279399999999997,0.0
475, '2017/1/9', '00:00:00.0',1.22495,1.23167,1.2038,1.21979,0.03738,0.0,1.20788,1.23958,1.20788,1.3279399999999997,-0.03169999999999984,1.23958,1.20788,1.3279399999999997,-0.03169999999999984
476, '2017/1/16', '00:00:00.0',1.20017,1.2417,1.19867,1.23763,0.03285,1.19781,1.19781,1.20017,1.19781,1.2048899999999998,0.0047199999999998354,1.20017,1.19781,1.2048899999999998,0.0047199999999998354
477, '2017/1/23', '00:00:00.0',1.23784,1.26738,1.23703,1.25511,0.03199,0.0,1.19781,1.23784,1.19781,1.3179,0.0,1.23784,1.19781,1.3179,0.0
478, '2017/1/30', '00:00:00.0',1.25855,1.27062,1.24124,1.2487,0.03115,0.0,1.19781,1.23784,1.19781,1.3179,0.0,1.23784,1.19781,1.3179,0.0
479, '2017/2/6', '00:00:00.0',1.2489,1.25821,1.23468,1.24874,0.02983,1.23421,1.23421,1.23784,1.19781,1.3179,0.0,1.23784,1.19781,1.3179,0.0
480, '2017/2/13', '00:00:00.0',1.24892,1.25485,1.23834,1.24081,0.02955,0.0,1.23421,1.23784,1.23421,1.3179,0.0,1.23784,1.23421,1.3179,0.0
481, '2017/2/20', '00:00:00.0',1.24084,1.25698,1.24014,1.24619,0.02929,0.0,1.23421,1.23784,1.23421,1.3179,0.0,1.23784,1.23421,1.3179,0.0
482, '2017/2/27', '00:00:00.0',1.24723,1.24793,1.22145,1.22962,0.02901,0.0,1.23421,1.23784,1.23421,1.3179,-0.003630000000000022,1.23784,1.23421,1.3179,-0.003630000000000022
483, '2017/3/6', '00:00:00.0',1.22879,1.23007,1.21339,1.21678,0.02892,0.0,1.23421,1.22879,1.23421,1.21795,0.00541999999999998,1.22879,1.23421,1.21795,0.00541999999999998
484, '2017/3/13', '00:00:00.0',1.21651,1.2405,1.21092,1.23939,0.02884,1.21033,1.21033,1.21651,1.21033,1.2288700000000001,0.012360000000000149,1.21651,1.21033,1.2288700000000001,0.012360000000000149
485, '2017/3/20', '00:00:00.0',1.23838,1.25314,1.23348,1.24743,0.02868,0.0,1.21033,1.23838,1.21033,1.2944800000000003,0.0,1.23838,1.21033,1.2944800000000003,0.0
486, '2017/3/27', '00:00:00.0',1.2493,1.26157,1.23769,1.25536,0.0285,0.0,1.21033,1.23838,1.21033,1.2944800000000003,0.0,1.23838,1.21033,1.2944800000000003,0.0
487, '2017/4/3', '00:00:00.0',1.25515,1.25569,1.23659,1.23732,0.02845,0.0,1.21033,1.23838,1.21033,1.2944800000000003,0.0,1.23838,1.21033,1.2944800000000003,0.0
488, '2017/4/10', '00:00:00.0',1.23836,1.25757,1.23655,1.25255,0.02798,1.23613,1.23613,1.23838,1.21033,1.2944800000000003,0.0,1.23838,1.21033,1.2944800000000003,0.0
489, '2017/4/17', '00:00:00.0',1.25338,1.29054,1.25147,1.28084,0.0286,0.0,1.23613,1.23838,1.23613,1.2944800000000003,0.0,1.23838,1.23613,1.2944800000000003,0.0
490, '2017/4/24', '00:00:00.0',1.28286,1.29655,1.27723,1.29489,0.02877,0.0,1.23613,1.23838,1.23613,1.2944800000000003,0.05610000000000026,1.23838,1.23613,1.2944800000000003,0.05610000000000026
491, '2017/5/1', '00:00:00.0',1.29341,1.29844,1.28305,1.29795,0.02593,0.0,1.23613,1.29341,1.23613,1.40797,0.0,1.29341,1.23613,1.40797,0.0
492, '2017/5/8', '00:00:00.0',1.29834,1.29892,1.28448,1.28844,0.02523,0.0,1.23613,1.29341,1.23613,1.40797,0.0,1.29341,1.23613,1.40797,0.0
493, '2017/5/15', '00:00:00.0',1.28873,1.30479,1.28652,1.30343,0.02518,0.0,1.23613,1.29341,1.23613,1.40797,0.0,1.29341,1.23613,1.40797,0.0
494, '2017/5/22', '00:00:00.0',1.30056,1.30428,1.27752,1.28075,0.02544,0.0,1.23613,1.29341,1.23613,1.40797,0.0,1.29341,1.23613,1.40797,0.0
495, '2017/5/29', '00:00:00.0',1.28023,1.29212,1.2769,1.28912,0.02457,0.0,1.23613,1.29341,1.23613,1.40797,0.0,1.29341,1.23613,1.40797,0.0
496, '2017/6/5', '00:00:00.0',1.28612,1.29778,1.26356,1.27434,0.02464,0.0,1.23613,1.29341,1.23613,1.40797,0.0,1.29341,1.23613,1.40797,0.0
497, '2017/6/12', '00:00:00.0',1.27149,1.28181,1.26387,1.27773,0.02423,0.0,1.23613,1.29341,1.23613,1.40797,0.0,1.29341,1.23613,1.40797,0.0
498, '2017/6/19', '00:00:00.0',1.27655,1.28145,1.2589,1.27198,0.02432,1.25845,1.25845,1.29341,1.23613,1.40797,0.0,1.29341,1.23613,1.40797,0.0
499, '2017/6/26', '00:00:00.0',1.27391,1.30303,1.27063,1.30288,0.02423,0.0,1.25845,1.29341,1.25845,1.40797,0.0,1.29341,1.25845,1.40797,0.0
500, '2017/7/3', '00:00:00.0',1.30066,1.30247,1.28671,1.28853,0.02401,0.0,1.25845,1.29341,1.25845,1.40797,0.0,1.29341,1.25845,1.40797,0.0
501, '2017/7/10', '00:00:00.0',1.2882,1.31139,1.2812,1.3104,0.02384,0.0,1.25845,1.29341,1.25845,1.40797,0.0,1.29341,1.25845,1.40797,0.0
502, '2017/7/17', '00:00:00.0',1.31035,1.31261,1.2933,1.29948,0.02357,0.0,1.25845,1.29341,1.25845,1.40797,0.0,1.29341,1.25845,1.40797,0.0
503, '2017/7/24', '00:00:00.0',1.29947,1.31594,1.29886,1.3133,0.02352,0.0,1.25845,1.29341,1.25845,1.40797,0.0,1.29341,1.25845,1.40797,0.0
504, '2017/7/31', '00:00:00.0',1.31284,1.32683,1.3024,1.30353,0.02355,0.0,1.25845,1.29341,1.25845,1.40797,0.0,1.29341,1.25845,1.40797,0.0
505, '2017/8/7', '00:00:00.0',1.30382,1.30591,1.29396,1.30101,0.02302,0.0,1.25845,1.29341,1.25845,1.40797,0.0,1.29341,1.25845,1.40797,0.0
506, '2017/8/14', '00:00:00.0',1.30084,1.30222,1.28316,1.2872,0.02223,0.0,1.25845,1.29341,1.25845,1.40797,0.0,1.29341,1.25845,1.40797,0.0
507, '2017/8/21', '00:00:00.0',1.28575,1.29167,1.27741,1.28784,0.02169,1.27712,1.27712,1.29341,1.25845,1.40797,0.0,1.29341,1.25845,1.40797,0.0
508, '2017/8/28', '00:00:00.0',1.29297,1.29955,1.28524,1.29535,0.02119,0.0,1.27712,1.29341,1.27712,1.40797,0.0,1.29341,1.27712,1.40797,0.0
509, '2017/9/4', '00:00:00.0',1.29621,1.32241,1.2909,1.31944,0.02145,0.0,1.27712,1.29341,1.27712,1.40797,0.0,1.29341,1.27712,1.40797,0.0
510, '2017/9/11', '00:00:00.0',1.31854,1.36168,1.31495,1.3588,0.02246,0.0,1.27712,1.29341,1.27712,1.40797,0.0,1.29341,1.27712,1.40797,0.0
511, '2017/9/18', '00:00:00.0',1.3558,1.36582,1.34499,1.3496,0.02259,0.0,1.27712,1.29341,1.27712,1.40797,0.0,1.29341,1.27712,1.40797,0.0
512, '2017/9/25', '00:00:00.0',1.34913,1.35708,1.3343,1.33979,0.02247,0.0,1.27712,1.29341,1.27712,1.40797,0.0,1.29341,1.27712,1.40797,0.0
513, '2017/10/2', '00:00:00.0',1.33724,1.34027,1.30273,1.30691,0.02317,1.30197,1.30197,1.29341,1.27712,1.40797,0.0,1.29341,1.27712,1.40797,0.0
514, '2017/10/9', '00:00:00.0',1.30958,1.33381,1.30753,1.32838,0.02308,0.0,1.30197,1.29341,1.30197,1.40797,0.0,1.29341,1.30197,1.40797,0.0
515, '2017/10/16', '00:00:00.0',1.3305,1.33119,1.3088,1.31893,0.02317,0.0,1.30197,1.29341,1.30197,1.40797,0.0,1.29341,1.30197,1.40797,0.0
516, '2017/10/23', '00:00:00.0',1.31851,1.32794,1.30698,1.31291,0.02307,0.0,1.30197,1.29341,1.30197,1.40797,0.0,1.29341,1.30197,1.40797,0.0
517, '2017/10/30', '00:00:00.0',1.31291,1.33212,1.30394,1.30768,0.02337,1.30338,1.30338,1.29341,1.30197,1.40797,0.0,1.29341,1.30197,1.40797,0.0
518, '2017/11/6', '00:00:00.0',1.30713,1.32297,1.30587,1.31906,0.02324,0.0,1.30338,1.29341,1.30338,1.40797,0.0,1.29341,1.30338,1.40797,0.0
519, '2017/11/13', '00:00:00.0',1.31644,1.32605,1.3062,1.32158,0.0226,0.0,1.30338,1.29341,1.30338,1.40797,0.0,1.29341,1.30338,1.40797,0.0
520, '2017/11/20', '00:00:00.0',1.32169,1.33599,1.31859,1.33426,0.02254,0.0,1.30338,1.29341,1.30338,1.40797,0.0,1.29341,1.30338,1.40797,0.0
521, '2017/11/27', '00:00:00.0',1.33309,1.35498,1.32209,1.3477,0.02312,0.0,1.30338,1.29341,1.30338,1.40797,0.0,1.29341,1.30338,1.40797,0.0
522, '2017/12/4', '00:00:00.0',1.34415,1.35388,1.33201,1.3386,0.02337,0.0,1.30338,1.29341,1.30338,1.40797,0.0,1.29341,1.30338,1.40797,0.0
523, '2017/12/11', '00:00:00.0',1.33803,1.34674,1.33015,1.33221,0.02331,0.0,1.30338,1.29341,1.30338,1.40797,0.0,1.29341,1.30338,1.40797,0.0
524, '2017/12/18', '00:00:00.0',1.33161,1.34205,1.33105,1.3362,0.02279,0.0,1.30338,1.29341,1.30338,1.40797,0.0,1.29341,1.30338,1.40797,0.0
525, '2017/12/26', '00:00:00.0',1.33735,1.35443,1.33476,1.35069,0.02294,0.0,1.30338,1.29341,1.30338,1.40797,0.0,1.29341,1.30338,1.40797,0.0
526, '2018/1/1', '00:00:00.0',1.35089,1.36129,1.34943,1.35662,0.02219,0.0,1.30338,1.29341,1.30338,1.40797,0.0,1.29341,1.30338,1.40797,0.0
527, '2018/1/8', '00:00:00.0',1.35589,1.37444,1.34581,1.37306,0.02255,0.0,1.30338,1.29341,1.30338,1.40797,0.0,1.29341,1.30338,1.40797,0.0
528, '2018/1/15', '00:00:00.0',1.37298,1.39454,1.37264,1.38523,0.02253,0.0,1.30338,1.29341,1.30338,1.40797,0.0,1.29341,1.30338,1.40797,0.0
529, '2018/1/22', '00:00:00.0',1.38912,1.43457,1.38574,1.41648,0.02309,0.0,1.30338,1.29341,1.30338,1.40797,0.11456,1.29341,1.30338,1.40797,0.11456
530, '2018/1/29', '00:00:00.0',1.41378,1.42784,1.39801,1.41218,0.02354,0.0,1.30338,1.41378,1.30338,1.6345800000000001,0.0,1.41378,1.30338,1.6345800000000001,0.0
531, '2018/2/5', '00:00:00.0',1.41009,1.41508,1.37646,1.38252,0.02383,1.37569,1.37569,1.41378,1.30338,1.6345800000000001,0.0,1.41378,1.30338,1.6345800000000001,0.0
532, '2018/2/12', '00:00:00.0',1.38108,1.41453,1.37962,1.4035,0.02435,0.0,1.37569,1.41378,1.37569,1.6345800000000001,0.0,1.41378,1.37569,1.6345800000000001,0.0
533, '2018/2/19', '00:00:00.0',1.40131,1.40497,1.38569,1.3973,0.02442,0.0,1.37569,1.41378,1.37569,1.6345800000000001,0.0,1.41378,1.37569,1.6345800000000001,0.0
534, '2018/2/26', '00:00:00.0',1.39886,1.407,1.37118,1.38019,0.0248,1.37046,1.37046,1.41378,1.37569,1.6345800000000001,-0.03808999999999996,1.41378,1.37569,1.6345800000000001,-0.03808999999999996
535, '2018/3/5', '00:00:00.0',1.37987,1.39297,1.37667,1.38518,0.02494,0.0,1.37046,1.37987,1.37046,1.3986899999999998,0.0,1.37987,1.37046,1.3986899999999998,0.0
536, '2018/3/12', '00:00:00.0',1.38513,1.39959,1.3841,1.39476,0.02482,0.0,1.37046,1.37987,1.37046,1.3986899999999998,0.018819999999999837,1.37987,1.37046,1.3986899999999998,0.018819999999999837
537, '2018/3/19', '00:00:00.0',1.39386,1.42199,1.39131,1.41333,0.02537,0.0,1.37046,1.39386,1.37046,1.4406600000000003,0.0,1.39386,1.37046,1.4406600000000003,0.0
538, '2018/3/26', '00:00:00.0',1.4136,1.42447,1.4011,1.40299,0.02567,0.0,1.37046,1.39386,1.37046,1.4406600000000003,0.0,1.39386,1.37046,1.4406600000000003,0.0
539, '2018/4/2', '00:00:00.0',1.40301,1.41052,1.39656,1.40895,0.02509,0.0,1.37046,1.39386,1.37046,1.4406600000000003,0.0,1.39386,1.37046,1.4406600000000003,0.0
540, '2018/4/9', '00:00:00.0',1.40914,1.42966,1.40785,1.42399,0.02426,0.0,1.37046,1.39386,1.37046,1.4406600000000003,0.0,1.39386,1.37046,1.4406600000000003,0.0
541, '2018/4/16', '00:00:00.0',1.4242,1.43767,1.40024,1.40033,0.02481,0.0,1.37046,1.39386,1.37046,1.4406600000000003,0.0,1.39386,1.37046,1.4406600000000003,0.0
542, '2018/4/23', '00:00:00.0',1.4003,1.40313,1.37474,1.37785,0.025,0.0,1.37046,1.39386,1.37046,1.4406600000000003,0.0,1.39386,1.37046,1.4406600000000003,0.0
543, '2018/4/30', '00:00:00.0',1.3772,1.37926,1.34864,1.35272,0.02477,0.0,1.37046,1.39386,1.37046,1.4406600000000003,-0.023400000000000087,1.39386,1.37046,1.4406600000000003,-0.023400000000000087
544, '2018/5/7', '00:00:00.0',1.3536,1.36179,1.34601,1.35415,0.0244,0.0,1.37046,1.3536,1.37046,1.3198799999999997,0.016860000000000097,1.3536,1.37046,1.3198799999999997,0.016860000000000097
545, '2018/5/14', '00:00:00.0',1.35488,1.36083,1.34514,1.34628,0.02417,0.0,1.37046,1.35488,1.37046,1.3237200000000002,0.015579999999999927,1.35488,1.37046,1.3237200000000002,0.015579999999999927
546, '2018/5/21', '00:00:00.0',1.3463,1.34917,1.32942,1.32966,0.02413,0.0,1.37046,1.3463,1.37046,1.2979800000000001,0.02415999999999996,1.3463,1.37046,1.2979800000000001,0.02415999999999996
547, '2018/5/28', '00:00:00.0',1.33174,1.33622,1.32046,1.33461,0.02372,0.0,1.37046,1.33174,1.37046,1.2542999999999997,0.03872000000000009,1.33174,1.37046,1.2542999999999997,0.03872000000000009
548, '2018/6/4', '00:00:00.0',1.33458,1.34725,1.32951,1.34097,0.02374,0.0,1.37046,1.33458,1.37046,1.2628200000000003,0.03587999999999991,1.33458,1.37046,1.2628200000000003,0.03587999999999991
549, '2018/6/11', '00:00:00.0',1.34127,1.34469,1.32114,1.32802,0.02386,0.0,1.37046,1.34127,1.37046,1.2828899999999999,0.02919000000000005,1.34127,1.37046,1.2828899999999999,0.02919000000000005
550, '2018/6/18', '00:00:00.0',1.32655,1.33151,1.31021,1.32633,0.02399,0.0,1.37046,1.32655,1.37046,1.2387299999999997,0.043910000000000116,1.32655,1.37046,1.2387299999999997,0.043910000000000116
551, '2018/6/25', '00:00:00.0',1.32562,1.32921,1.30497,1.32079,0.02371,1.30448,1.30448,1.32562,1.30448,1.3679,0.0,1.32562,1.30448,1.3679,0.0
552, '2018/7/2', '00:00:00.0',1.31919,1.32904,1.30951,1.32878,0.02363,0.0,1.30448,1.32562,1.30448,1.3679,0.0,1.32562,1.30448,1.3679,0.0
553, '2018/7/9', '00:00:00.0',1.33212,1.3363,1.31028,1.32354,0.02394,0.0,1.30448,1.32562,1.30448,1.3679,0.0,1.32562,1.30448,1.3679,0.0
554, '2018/7/16', '00:00:00.0',1.3231,1.32929,1.29576,1.31309,0.02469,0.0,1.30448,1.32562,1.30448,1.3679,-0.021139999999999937,1.32562,1.30448,1.3679,-0.021139999999999937
555, '2018/7/23', '00:00:00.0',1.3124,1.32133,1.30716,1.31098,0.02451,0.0,1.30448,1.3124,1.30448,1.3282399999999999,0.0,1.3124,1.30448,1.3282399999999999,0.0
556, '2018/7/30', '00:00:00.0',1.31196,1.31731,1.29756,1.30015,0.02477,0.0,1.30448,1.3124,1.30448,1.3282399999999999,-0.007919999999999927,1.3124,1.30448,1.3282399999999999,-0.007919999999999927
557, '2018/8/6', '00:00:00.0',1.30063,1.30063,1.27232,1.27714,0.02476,0.0,1.30448,1.30063,1.30448,1.2929299999999997,0.003850000000000131,1.30063,1.30448,1.2929299999999997,0.003850000000000131
558, '2018/8/13', '00:00:00.0',1.27463,1.28276,1.2662,1.27488,0.02458,1.26586,1.26586,1.27463,1.26586,1.2921699999999998,0.0,1.27463,1.26586,1.2921699999999998,0.0
559, '2018/8/20', '00:00:00.0',1.27471,1.29366,1.27296,1.2849,0.02363,0.0,1.26586,1.27463,1.26586,1.2921699999999998,0.01753999999999989,1.27463,1.26586,1.2921699999999998,0.01753999999999989
560, '2018/8/27', '00:00:00.0',1.28454,1.30432,1.2829,1.29558,0.02335,0.0,1.26586,1.28454,1.26586,1.3219,0.0,1.28454,1.26586,1.3219,0.0
561, '2018/9/3', '00:00:00.0',1.29162,1.30285,1.27856,1.29159,0.02287,0.0,1.26586,1.28454,1.26586,1.3219,0.0,1.28454,1.26586,1.3219,0.0
562, '2018/9/10', '00:00:00.0',1.29216,1.31439,1.2897,1.30692,0.02253,0.0,1.26586,1.28454,1.26586,1.3219,0.0,1.28454,1.26586,1.3219,0.0
563, '2018/9/17', '00:00:00.0',1.30713,1.32986,1.30547,1.308,0.0227,0.0,1.26586,1.28454,1.26586,1.3219,0.03736000000000006,1.28454,1.26586,1.3219,0.03736000000000006
564, '2018/9/24', '00:00:00.0',1.30798,1.32178,1.30005,1.30301,0.02223,0.0,1.26586,1.30798,1.26586,1.3922199999999998,0.0,1.30798,1.26586,1.3922199999999998,0.0
565, '2018/10/1', '00:00:00.0',1.30427,1.31236,1.29219,1.31152,0.02236,0.0,1.26586,1.30798,1.26586,1.3922199999999998,0.0,1.30798,1.26586,1.3922199999999998,0.0
566, '2018/10/8', '00:00:00.0',1.31243,1.32579,1.30283,1.3151,0.02261,0.0,1.26586,1.30798,1.26586,1.3922199999999998,0.0,1.30798,1.26586,1.3922199999999998,0.0
567, '2018/10/15', '00:00:00.0',1.30861,1.32364,1.30114,1.30655,0.02234,0.0,1.26586,1.30798,1.26586,1.3922199999999998,0.0,1.30798,1.26586,1.3922199999999998,0.0
568, '2018/10/22', '00:00:00.0',1.30749,1.30902,1.27771,1.28276,0.0226,0.0,1.26586,1.30798,1.26586,1.3922199999999998,0.0,1.30798,1.26586,1.3922199999999998,0.0
569, '2018/10/29', '00:00:00.0',1.28249,1.30411,1.2696,1.29643,0.02329,0.0,1.26586,1.30798,1.26586,1.3922199999999998,0.0,1.30798,1.26586,1.3922199999999998,0.0
570, '2018/11/5', '00:00:00.0',1.30235,1.31747,1.29582,1.29749,0.02328,0.0,1.26586,1.30798,1.26586,1.3922199999999998,0.0,1.30798,1.26586,1.3922199999999998,0.0
571, '2018/11/12', '00:00:00.0',1.29172,1.30726,1.27238,1.28276,0.0232,0.0,1.26586,1.30798,1.26586,1.3922199999999998,0.0,1.30798,1.26586,1.3922199999999998,0.0
572, '2018/11/19', '00:00:00.0',1.28465,1.29279,1.27641,1.28135,0.0228,0.0,1.26586,1.30798,1.26586,1.3922199999999998,0.0,1.30798,1.26586,1.3922199999999998,0.0
573, '2018/11/26', '00:00:00.0',1.28267,1.28642,1.27255,1.27512,0.02224,0.0,1.26586,1.30798,1.26586,1.3922199999999998,0.0,1.30798,1.26586,1.3922199999999998,0.0
574, '2018/12/3', '00:00:00.0',1.2737,1.28398,1.26585,1.27328,0.02232,0.0,1.26586,1.30798,1.26586,1.3922199999999998,-0.042119999999999935,1.30798,1.26586,1.3922199999999998,-0.042119999999999935
575, '2018/12/10', '00:00:00.0',1.27048,1.27599,1.2477,1.25871,0.02274,1.24714,1.24714,1.27048,1.26586,1.3171600000000003,-0.0046200000000000685,1.27048,1.26586,1.2797200000000002,-0.0046200000000000685
576, '2018/12/17', '00:00:00.0',1.26029,1.27074,1.25743,1.26294,0.02252,0.0,1.24714,1.26029,1.24714,1.28659,0.0,1.26029,1.24714,1.28659,0.0
577, '2018/12/24', '00:00:00.0',1.26483,1.27387,1.26161,1.26977,0.0224,0.0,1.24714,1.26029,1.24714,1.28659,0.0,1.26029,1.24714,1.28659,0.0
578, '2018/12/31', '00:00:00.0',1.26977,1.28152,1.24056,1.27266,0.02318,0.0,1.24714,1.26029,1.24714,1.28659,-0.013149999999999995,1.26029,1.24714,1.28659,-0.013149999999999995
579, '2019/1/7', '00:00:00.0',1.27252,1.28661,1.27068,1.28383,0.02292,0.0,1.24714,1.27252,1.24714,1.3232800000000005,0.0,1.27252,1.24714,1.3232800000000005,0.0
580, '2019/1/14', '00:00:00.0',1.28562,1.3001,1.26695,1.28744,0.02332,0.0,1.24714,1.27252,1.24714,1.3232800000000005,0.0,1.27252,1.24714,1.3232800000000005,0.0
581, '2019/1/21', '00:00:00.0',1.28795,1.3218,1.28306,1.32003,0.0238,0.0,1.24714,1.27252,1.24714,1.3232800000000005,0.0,1.27252,1.24714,1.3232800000000005,0.0
582, '2019/1/28', '00:00:00.0',1.31868,1.32119,1.30434,1.30786,0.02371,0.0,1.24714,1.27252,1.24714,1.3232800000000005,0.0,1.27252,1.24714,1.3232800000000005,0.0
583, '2019/2/4', '00:00:00.0',1.30606,1.31034,1.28544,1.29417,0.02368,0.0,1.24714,1.27252,1.24714,1.3232800000000005,0.0,1.27252,1.24714,1.3232800000000005,0.0
584, '2019/2/11', '00:00:00.0',1.29365,1.29588,1.2773,1.28883,0.02318,1.27693,1.27693,1.27252,1.24714,1.3232800000000005,0.0,1.27252,1.24714,1.3232800000000005,0.0
585, '2019/2/18', '00:00:00.0',1.29072,1.31094,1.28916,1.30594,0.02344,0.0,1.27693,1.27252,1.27693,1.3232800000000005,0.0,1.27252,1.27693,1.3232800000000005,0.0
586, '2019/2/25', '00:00:00.0',1.30732,1.33505,1.30508,1.32077,0.02378,0.0,1.27693,1.27252,1.27693,1.3232800000000005,0.05076000000000036,1.27252,1.27693,1.3232800000000005,0.05076000000000036
587, '2019/3/4', '00:00:00.0',1.32491,1.32545,1.299,1.30152,0.02372,0.0,1.27693,1.32491,1.27693,1.4208700000000003,0.0,1.32491,1.27693,1.4208700000000003,0.0
588, '2019/3/11', '00:00:00.0',1.29691,1.33819,1.29607,1.32916,0.02457,0.0,1.27693,1.32491,1.27693,1.4208700000000003,0.0,1.32491,1.27693,1.4208700000000003,0.0
589, '2019/3/18', '00:00:00.0',1.32964,1.33113,1.3004,1.32082,0.02491,0.0,1.27693,1.32491,1.27693,1.4208700000000003,0.0,1.32491,1.27693,1.4208700000000003,0.0
590, '2019/3/25', '00:00:00.0',1.32168,1.32693,1.29776,1.30374,0.02517,0.0,1.27693,1.32491,1.27693,1.4208700000000003,0.0,1.32491,1.27693,1.4208700000000003,0.0
591, '2019/4/1', '00:00:00.0',1.30413,1.31964,1.29871,1.30367,0.02505,0.0,1.27693,1.32491,1.27693,1.4208700000000003,0.0,1.32491,1.27693,1.4208700000000003,0.0
592, '2019/4/8', '00:00:00.0',1.30396,1.31329,1.30268,1.30708,0.02458,0.0,1.27693,1.32491,1.27693,1.4208700000000003,0.0,1.32491,1.27693,1.4208700000000003,0.0
593, '2019/4/15', '00:00:00.0',1.30803,1.31193,1.29789,1.29971,0.02424,0.0,1.27693,1.32491,1.27693,1.4208700000000003,0.0,1.32491,1.27693,1.4208700000000003,0.0
